C51 COMPILER V8.08   INTR                                                                  06/16/2022 10:11:55 PAGE 1   


C51 COMPILER V8.08, COMPILATION OF MODULE INTR
OBJECT MODULE PLACED IN .\obj\intr.obj
COMPILER INVOKED BY: C:\Keil\C51\BIN\C51.EXE intr.c LARGE OMF2 OPTIMIZE(9,SIZE) NOAREGS INCDIR(..\..\..\inc;..\..\..\inc
                    -\os;..\..\..\inc\hal;..\..\..\inc\middleware;..\..\..\inc\sp1k;..\..\..\..\host\inc\app;..\..\..\..\host\inc\customizati
                    -on) DEFINE(LIB_RELEASE) PRINT(.\obj\intr.lst) OBJECT(.\obj\intr.obj)

line level    source

   1          /**************************************************************************
   2           *
   3           *        Copyright (c) 2007-2008 by Sunplus mMedia Inc., Ltd.
   4           *
   5           *  This software is copyrighted by and is the property of Sunplus
   6           *  mMedia Inc., Ltd. All rights are reserved by Sunplus mMedia
   7           *  Inc., Ltd. This software may only be used in accordance with the
   8           *  corresponding license agreement. Any unauthorized use, duplication,
   9           *  distribution, or disclosure of this software is expressly forbidden.
  10           *
  11           *  This Copyright notice MUST not be removed or modified without prior
  12           *  written consent of Sunplus mMedia Inc., Ltd.
  13           *
  14           *  Sunplus mMedia Inc., Ltd. reserves the right to modify this
  15           *  software without notice.
  16           *
  17           *  Sunplus mMedia Inc., Ltd.
  18           *  19-1, Innovation First Road, Science-Based Industrial Park,
  19           *  Hsin-Chu, Taiwan, R.O.C.
  20           *                                                                         *
  21           **************************************************************************/
  22          
  23          /**************************************************************************
  24           *                            H E A D E R   F I L E S
  25           **************************************************************************/
  26          #include "general.h"
  27          #include "intr.h"
  28          #include "hal.h"
  29          #include "main.h"
  30          #include "ctlsetup.h"
  31          #include "ctlout.h"
  32          #include "ctlin.h"
  33          #include "class.h"
  34          #include "bulkout.h"
  35          #include "bulkin.h"
  36          #include "front_logi.h"
  37          #include "intin.h"
  38          #include "usbmsdc2.h"
  39          #include "uiflow.h"
  40          #include "utility.h"
  41          #include "sp1k_util_api.h"
  42          #include "video_clip.h"
  43          #include "initio.h"
  44          #include "Uart.h"
  45          #include "gpio.h"
  46          #include "setmode.h"
  47          #include "hal_moe.h"
  48          #include "cmd_func_FPGA.h"
*** WARNING C318 IN LINE 48 OF intr.c: can't open file 'cmd_func_FPGA.h'
  49          #include "sp1k_fd_api.h"
  50          #include "dist_func.h"
  51          #include "hal_global.h"
  52          #include "ae_api.h"
C51 COMPILER V8.08   INTR                                                                  06/16/2022 10:11:55 PAGE 2   

  53          #include "audio_rw.h"
  54          #include "hal_audio.h"
  55          #include "dbg_def.h"
  56          #include "video_debug.h"
  57          #include "hal_usb.h"
  58          #include "hal_fd.h"
  59          
  60          #include "ae_def.h"
  61          #include "ae_debug.h"
  62          #include "os_api.h"
  63          #include "app_video_view.h"
  64          #include "cdsp_task.h"
  65          #include "reg_def.h"
  66          #include "gpio_api.h"
  67          #include "awb_api.h"
  68          #include "video_mem.h"
  69          #include "sd_bg.h"
  70          #include "gui_tp.h"
  71          #include "hal_disp_tp.h"
  72          #include "video_capture.h"
  73          
  74          #include "af_api.h"
  75          
  76          #include "hal_dram.h"
  77          #include "app_msg.h"
  78          #include "video_zoom.h"
  79          #include "pv_task.h"
  80          #include "panorama_def.h"
  81          #include "panorama_api.h"
  82          
  83          
  84          
  85          /**************************************************************************
  86           *                           C O N S T A N T S
  87           **************************************************************************/
  88          
  89          
  90          /**************************************************************************
  91           *                              M A C R O S
  92           **************************************************************************/
  93          
  94          /**************************************************************************
  95           *                          D A T A    T Y P E S
  96           **************************************************************************/
  97          
  98          /**************************************************************************
  99           *                         G L O B A L    D A T A
 100           **************************************************************************/
 101          data  BIT  G_btBulkIntr;
 102          data  BIT  G_btEP0Intr;
 103          
 104          UINT16 xdata IntSts;
 105          UINT8 xdata Gt0Cnt;
 106          UINT8 xdata Gt1Cnt;
 107          UINT8 xdata Gt2Cnt;
 108          UINT16 tvTime=1093;
 109          xdata UINT8 G_USBNewConfigureOK = 0x00;
 110          
 111          xdata UINT8 G_VDRFlag;
 112          //extern xdata videoStampCfg_t g_vidDateStamp;//wangrf++
 113          extern xdata UINT8 G_ucSuspend;
 114          extern xdata UINT8 G_Card_Type;
C51 COMPILER V8.08   INTR                                                                  06/16/2022 10:11:55 PAGE 3   

 115          extern xdata UINT8      G_AEFlag;
 116          
 117          extern xdata UINT16 audio_curr_energy;
 118          extern xdata UINT16 high_thr_cnt,silent_cnt;
 119          extern xdata UINT8 frame_count, pre_frame_count;
 120          extern xdata UINT8 init_frame_cnt;
 121          
 122          //extern xdata UINT8 gpioByteIdSpkEn, gpioBitMskSpkEn;
 123          extern xdata UINT8 Uartmode; //
 124          extern xdata UINT8 UartSendEnable;//
 125          //For high gain noise - Jim@0512
 126          //extern UINT8   G_luma;
 127          //extern code UINT16 cmt[3][9];
 128          
 129          extern xdata UINT8 vidDateStampSts; //xian ++ 20081029
 130          extern xdata UINT8 photoEnable;
 131          
 132          xdata UINT8 G_USBReset = 0x00;
 133          //xdata UINT8 G_USBCharge = 0x00;
 134          xdata UINT8 AdapterCharge=1; //  1: USB contect power adapter charge   0:USB contect PC
 135          extern xdata UINT8 G_USBSetInterface;
 136          extern xdata UINT8 G_UsbPccamStart;
 137          extern xdata UINT8 G_UsbPccamStop;
 138          extern xdata UINT8 G_usbPvFrameCount;
 139          extern xdata UINT8 G_USBAudSetInterface;
 140          //extern xdata UINT8 G_USBinterin;//cx++ for intr in test
 141          extern appAudRecCtrl_t xdata audRecCtrl;
 142          extern xdata UINT16 G_WindowSize;
 143          extern xdata UINT8 G_Sound_Ctrl;
 144          
 145          xdata UINT8 G_CodeSentry;
 146          xdata UINT8 G_CodeSentry_270A;
 147          xdata UINT8 G_CodeSentry_270B;
 148          xdata UINT8 G_DgpioValue=0xff;
 149          extern code UINT16 pkgChipId;
 150          extern UINT8 G_tpPenState;
 151          extern UINT8 G_tpSarDelayFlag;
 152          
 153          #if STILL_SNAP_ON
 154          extern xdata       UINT8        G_SnapFlag;
 155          #endif
 156          
 157          extern UINT8 G_FrameIntervalOption;
 158          
 159          #if PANORAMA_EN
              /* Panorama func */
              extern xdata UINT8 G_MEIntrSts;//0:initial, 1:ME start, 2: ME Done
              extern xdata UINT8 G_MEIntrBufIdx;
              extern xdata UINT8 G_PanoramaBufSts;//0:not chang, 1:chang
              extern xdata UINT8 G_PanoramaEn;//0:PANORAMA_DISABLE, 1:PANORAMA_ENABLE
              #endif
 166          
 167          
 168          //extern UINT32 totalFrameCnt;
 169          //extern UINT8 xdata G_FPGAMemPool[0x3000];
 170          
 171          /*#if (VIDEO_FRONT_CDSP_JPG_DBG == 1)
 172          UINT8 videoStatisticsEn;
 173          //UINT8 videoCdspRegSave;
 174          //UINT32 videoCdspChangeCnt;
 175          UINT32 videoJpgTriggerCnt;
 176          UINT32 videoFrontInputCnt;
C51 COMPILER V8.08   INTR                                                                  06/16/2022 10:11:55 PAGE 4   

 177          #endif
 178          */
 179          /**************************************************************************
 180           *                 E X T E R N A L    R E F E R E N C E S
 181           **************************************************************************/
 182          void INTR_SDBgRw(void);
 183          extern void HAL_ColorSatReduce_Intr(UINT8);
 184          extern void INTR_calibrationPrvRawAddrSet(void);
 185          #ifdef VIDEO_REC_BRC_EN
 186          extern void INTR_videoClipBrcVlcOvfSetQtable(void);
 187          #endif
 188          //extern void videoDateStamp(void); //xian ++ 20081029
 189          extern UINT8 HAL_GlobalICVerGet_intr(void);
 190          extern xdata UINT8 G_USBSpeedStartCheck;
 191          extern UINT8 VideoRecBegin;
 192          extern UINT8 VideoRecFrameAB;
 193          extern UINT16 g_vidParam[VD_PARAM_MAX];
 194          extern pIntrFunc code intrPtrFunc;
 195          
 196          extern xdata UINT8 FWGain[512];
 197          extern xdata UINT8 HWGain[512];
 198          
 199          extern xdata    UINT8   G_bUSBSpeed;
 200          extern xdata    UINT8   G_usbState;
 201          extern xdata    UINT8   G_ucPktStorIntrf;
 202          
 203          extern xdata UINT8 vdCount;
 204          extern xdata UINT8 aeVdCount;
 205          
 206          extern xdata UINT8 vdProcEn;
 207          extern xdata UINT8 G_ExpGainSetPos;
 208          
 209          extern UINT8 aeSyncStatus;
 210          
 211          extern xdata UINT8 csDbgData[];
 212          
 213          extern intrSmoothZoom xdata intrSmoothZoomCtrl;
 214          
 215          extern UINT8 aeProc;
 216          
 217          //UINT8 zfTgSkipFrameCnt;
 218          
 219          void INTR_SmoothZoomStopCheck(void);
 220          void INTR_ZoomZfRegSet(UINT8 videoMode);
 221          void INTR_ZoomUpdateSet(        void);
 222          void INTR_HQDZoomFrontGateDisableSet(void);
 223          
 224          
 225          extern appVideoZoom_NBlocking_t xdata VideoZoomNBCtrl;
 226          extern UINT8 IntrvideoRecStatusGet(void);
 227          void INTR_VideoZoom (void);
 228          
 229          extern appPvZoom_NBlocking_t xdata pvZoomNBCtrl;
 230          
 231          extern void INTR_PvZoom(void);
 232          
 233          
 234          UINT32 intrTime;
 235          #define INTR_TIMR_DECTED 0
 236          //UINT32 awbErrCnt=0;
 237          //-----------------------------------------------------------------------------
 238          //INTR_Int0
C51 COMPILER V8.08   INTR                                                                  06/16/2022 10:11:55 PAGE 5   

 239          //-----------------------------------------------------------------------------
 240          void INTR_Int0(void)
 241          /*++
 242          
 243          Routine Description:
 244          
 245                  service routine of interrupt 0
 246          
 247          Arguments:
 248          
 249                  none
 250          
 251          Return Value:
 252          
 253                  none
 254          
 255          --*/
 256          
 257          {
 258   1           //UINT32 tt0,tt1;
 259   1      //       UINT16 ysize;
 260   1      //       UINT16 disHOff,disVOff;
 261   1      
 262   1              //UINT32 awbTime;
 263   1              //UINT32 xdata *pt;
 264   1      #if !TAG_TODO
 265   1              UINT8 log2500, log2501, log2502, log2503;
 266   1              #if 0 /* mark for 1628 FPGA */
                      UINT8 alctmp;
                      #endif
 269   1          UINT8 sts;
 270   1      #endif //TAG_TODO
 271   1              UINT8 idx;
 272   1              IntSts = ((UINT16)XBYTE[REG_Cpu_IntrSts1]<<8) | (UINT16)XBYTE[REG_Cpu_IntrSts0];
 273   1              INTR_DisableInterrupt();
 274   1      
 275   1              INTR_Enter();
 276   1      
 277   1      #if !TAG_TODO
 278   1          if (intrPtrFunc != NULL) {
 279   2              sts = (*intrPtrFunc)();
 280   2              if (sts == TRUE) {
 281   3                  goto INTR_EXIT;
 282   3              }
 283   2          }
 284   1              #if INTR_TIMR_DECTED
                      WRITE8(tt0, 0, XBYTE[0x20C4]);
                      WRITE8(tt0, 1, XBYTE[0x20C3]);
                      WRITE8(tt0, 2, XBYTE[0x20C2]);
                      WRITE8(tt0, 3, XBYTE[0x20C1]);
                      #endif
 290   1              log2500 = XBYTE[REG_Usb_EpAckIntSts];        //save 0x25c0
 291   1              log2501 = XBYTE[REG_Usb_EpNakIntSts];        //save 0x25c1
 292   1              log2502 = XBYTE[REG_Usb_IntSts];        //save 0x25c2
 293   1              log2503 = XBYTE[REG_Usb_StdCmdIntSts];
 294   1      
 295   1              G_btEP0Intr = 0;
 296   1      #if 1
 297   1                      if ((IntSts & INTR_SRC_TYPE_TVENC) == INTR_SRC_TYPE_TVENC){
 298   2                              if((XBYTE[REG_Disp_VsVdIntSts]&0x02) && (XBYTE[REG_Disp_VsVdIntEn]&0x02) && (HAL_GlobalICVerGet_intr()!
             -=0x01))
 299   2                              {
C51 COMPILER V8.08   INTR                                                                  06/16/2022 10:11:55 PAGE 6   

 300   3                                      XBYTE[REG_Disp_VsVdIntSts] |= 0x02;
 301   3                              }
 302   2                      }
 303   1      #endif
 304   1      
 305   1      
 306   1      //1 USB
 307   1      
 308   1              if ((IntSts & INTR_SRC_TYPE_USB) == INTR_SRC_TYPE_USB) {
 309   2                      if (log2500 & 0x04)        //check ACK of EP0 Out packet
 310   2                      {
 311   3                              XBYTE[REG_Usb_EpAckIntSts] = 0x04;           //clear Ep0OutAck
 312   3                              //INTR_putchar('o');
 313   3                              CTLOUT_Packet();                //Ep0OutAck
 314   3                              G_btBulkIntr = 0;
 315   3                              G_btEP0Intr = 1;
 316   3                      }
 317   2                      else if (log2500 & 0x02)        //check ACK of EP0 In packet
 318   2                      {
 319   3                              XBYTE[REG_Usb_EpAckIntSts] = 0x02;           //clear Ep0InAck
 320   3                              //INTR_putchar('i');
 321   3                              CTLIN_Packet();                 //Ep0InAck
 322   3                              G_btBulkIntr = 0;
 323   3                              G_btEP0Intr = 1;
 324   3                      }
 325   2                      else if (log2500 & 0x01)             //check ACK of EP0 Setup packet
 326   2                      {
 327   3                              XBYTE[REG_Usb_EpAckIntSts] = 0x01;           //clear Ep0SetupAck
 328   3                              //INTR_putchar('s');
 329   3                              G_USBReset = 0x00;
 330   3                              AdapterCharge = 0;
 331   3      
 332   3                              G_bUSBSpeed = 0;
 333   3                              if ((XBYTE[REG_Usb_HighSpeed]&0x01) == 0x01){
 334   4                              /* high speed */
 335   4                              G_bUSBSpeed = 1;
 336   4                              //printf("h");
 337   4                              }
 338   3      
 339   3                              if (G_UI_USBConnect != K_UI_USB_CONNECT){
 340   4                                      G_UI_USBConnect = K_UI_USB_CONNECT;
 341   4                              }
 342   3                              CTLSETUP_Packet();              //Ep0SetupAck
 343   3                              G_usbState &= 0xfe;
 344   3                              G_btBulkIntr = 0;
 345   3                              G_btEP0Intr = 1;
 346   3                      }
 347   2                      else if ((log2500 & K_USB_CLASS_IN_ACK_MASK)        //check ACK of Bulk In packet
 348   2                              && (XBYTE[REG_Usb_EpAckIntEn] & K_USB_CLASS_IN_ACK_MASK))
 349   2                      {
 350   3                              XBYTE[REG_Usb_EpAckIntSts] = K_USB_CLASS_IN_ACK_RESET;           //clear BulkInAck
 351   3                              G_USBReset = 0x00;
 352   3                              //INTR_putchar('y');
 353   3                              G_ucPktStorIntrf = K_StorageInterface1;
 354   3                              BULKIN_Packet();               //BulkInAck
 355   3                              G_btBulkIntr = 1;
 356   3                      }
 357   2                      else if ((log2500 & K_USB_CLASS_OUT_ACK_MASK)        //check ACK of Bulk Out packet
 358   2                              && (XBYTE[REG_Usb_EpAckIntEn] & K_USB_CLASS_OUT_ACK_MASK))
 359   2                      {
 360   3                              XBYTE[REG_Usb_EpAckIntSts] = K_USB_CLASS_OUT_ACK_RESET;           //clear BulkOutAck
 361   3                              G_USBReset = 0x00;
C51 COMPILER V8.08   INTR                                                                  06/16/2022 10:11:55 PAGE 7   

 362   3                              //INTR_putchar('x');
 363   3                              XBYTE[REG_Cdsp_Cdspinten_lo] = 0x00;
 364   3                              XBYTE[REG_Front_Finten_low] = 0x00;
 365   3      
 366   3                              G_ucPktStorIntrf = K_StorageInterface1;
 367   3                              BULKOUT_Packet();               //BulkOutAck
 368   3                              G_btBulkIntr = 1;
 369   3                      }
 370   2                      else if (log2500 & 0x20)        //check ACK of Interrupt In packet
 371   2                      {
 372   3                           // INTR_putchar('I');
 373   3                              XBYTE[REG_Usb_EpAckIntSts] = 0x20;           //clear IntInAck
 374   3                              G_ucPktStorIntrf = K_StorageInterface1;
 375   3                              INTIN_Packet();                 //IntInAck
 376   3                              G_btBulkIntr = 0;
 377   3                              //G_USBinterin = 1;//cx++ for intr in
 378   3                      }
 379   2                      /*else if (log2501 & 0x20)        //cx++ check nak of Interrupt In packet
 380   2                      {
 381   2                             INTR_putchar('N');
 382   2                              XBYTE[REG_Usb_EpNakIntSts] = 0x20;           //clear IntInnck
 383   2                              G_USBinterin = 1;//cx++ for intr in
 384   2                              G_btBulkIntr = 0;
 385   2                      }*/
 386   2                      else if (log2502 & 0x20)        //check video interface alternate setting changed device Interrupt In p
             -acket
 387   2                      {
 388   3                              if(XBYTE[REG_Usb_UsbVidAs]!=0)  //cx++
 389   3                              {
 390   4                                      G_UsbPccamStart = 1;
 391   4                                      //G_USBSetInterface = 1;  //start pccam
 392   4                              }else
 393   3                              {
 394   4                      G_UsbPccamStop = 1;
 395   4                                      //G_USBSetInterface = 2; //stop pccam
 396   4                              }
 397   3                              XBYTE[REG_Usb_IntSts] = 0x20;           //clear VidASChg
 398   3                      }
 399   2                      else if (log2502 & 0x40)        //check audio interface alternate setting changed device Interrupt In p
             -acket
 400   2                      {
 401   3                              if(XBYTE[REG_Usb_UsbAudAs]!=0)  //cx++
 402   3                              {
 403   4                                      G_USBAudSetInterface = 1;  //start audio
 404   4                              }else
 405   3                              {
 406   4                                      G_USBAudSetInterface = 2; //stop audio
 407   4                              }
 408   3                              XBYTE[REG_Usb_IntSts] = 0x40;           //clear AudASChg
 409   3                      }
 410   2                      else if ((log2502 & 0x01) && (XBYTE[REG_Usb_IntEn] & 0x01)) //check suspend intr
 411   2                      {
 412   3                              XBYTE[REG_Usb_IntSts] = 0x01;           //clear suspend
 413   3                              INTR_putchar('R');
 414   3                              //INTR_putchar('W');
 415   3                              //INTR_putchar('#');
 416   3                              //INTR_putchar('\n');
 417   3                              G_USBReset = 0x01;
 418   3                              //G_USBCharge = 0x01;   //add for USB battery charge
 419   3                              //AdapterCharge = 0;
 420   3                      //      XBYTE[REG_Dma_DmaIdle] = 0x01;  //RST DMA
 421   3                      //      XBYTE[REG_Dma_DmaIdle] = 0x00;
C51 COMPILER V8.08   INTR                                                                  06/16/2022 10:11:55 PAGE 8   

 422   3                              XBYTE[REG_Usb_BufClr] = 0x1F;
 423   3                      //      XBYTE[REG_Fm_Mediatype_rst] |= 0x40;    //RST SD
 424   3                              XBYTE[REG_Usb_Suspend] &= 0x01;  // 20100802 shengkai added for USB EL-9 test
 425   3                              G_ucBulkPhase = K_CommandPhase;
 426   3                      }
 427   2      
 428   2                      else if (log2502 & 0x02) //check suspend intr
 429   2                      {
 430   3                              XBYTE[REG_Usb_IntSts] = 0x02;           //clear suspend
 431   3                              G_ucSuspend = 1;
 432   3                      }
 433   2                      else if (log2502 & 0x04) //check resume intr
 434   2                      {
 435   3                              XBYTE[REG_Usb_IntSts] = 0x04;           //clear resume
 436   3                              G_ucSuspend = 0;
 437   3                      }
 438   2                      else if (log2502 & 0x10) //check configuration change intr
 439   2                      {
 440   3                              XBYTE[REG_Usb_IntSts] = 0x17;           //clear suspend/resume/configuration change
 441   3                              //XBYTE[REG_Usb_IntEn] &= ~0x10;
 442   3                              XBYTE[REG_Usb_IntEn] |= 0x06;
 443   3                              G_USBNewConfigureOK = 1;
 444   3                              G_USBSpeedStartCheck = 0;
 445   3                              INTR_putchar('C');
 446   3                      }
 447   2                      /* 20100802 shengkai added for USB EL-9 test */
 448   2                      else if (log2503 & 0x20)
 449   2                      {
 450   3                              /* only when wValue = 0x0002 & wIndex = 0x0300 we set the register */
 451   3                              if ( XBYTE[REG_Usb_wValueL]==0x02 && XBYTE[REG_Usb_wValueH]==0x00&
 452   3                                       XBYTE[REG_Usb_wIndexL]==0x00 && XBYTE[REG_Usb_wIndexH]==0x03 )
 453   3                                      {
 454   4                                              XBYTE[REG_Usb_Suspend] |= 0x02;
 455   4                                      }
 456   3                              XBYTE[REG_Usb_StdCmdIntSts]|= 0x20; //clear Set_Feature intr
 457   3                      }
 458   2              }
 459   1      
 460   1      //1 DRAM
 461   1      
 462   1              else if ((IntSts & INTR_SRC_TYPE_DRAM) == INTR_SRC_TYPE_DRAM) {
 463   2                      if ((XBYTE[REG_Dram_Cdsp1Eof_Sts]&0x20) && (XBYTE[REG_Dram_Cdsp1Eof_Inten]&0x20)) {
 464   3                              XBYTE[REG_Dram_Cdsp1Eof_Sts] |= 0x20;
 465   3      
 466   3      
 467   3                              /* check and set zoom factor, zfupdate */
 468   3                              if ( intrSmoothZoomCtrl.zoomFrameCnt != 0 ) {
 469   4                                      intrSmoothZoomCtrl.zoomFrameCnt--;
 470   4                              }
 471   3      
 472   3                              /* cdsp sof check and set zoom factor, zfupdate */
 473   3                              if ( intrSmoothZoomCtrl.zoomFactUpdate == INTR_SMOOTH_ZOOM_MACHINE_STATUS_START ) {
 474   4                                      if ( intrSmoothZoomCtrl.zoomFrameCnt == 0 ) {
 475   5                                              intrSmoothZoomCtrl.zoomFactUpdate = INTR_SMOOTH_ZOOM_MACHINE_STATUS_NEXT_DELAY_FINISH;
 476   5                                      }
 477   4                              }
 478   3      
 479   3                              if ( intrSmoothZoomCtrl.zoomFactUpdate == INTR_SMOOTH_ZOOM_MACHINE_STATUS_NEXT_DELAY_FINISH ) {
 480   4                                      INTR_ZoomUpdateSet();
 481   4                              }
 482   3                              else {
 483   4                                      if ( intrSmoothZoomCtrl.zoomFactUpdate == INTR_SMOOTH_ZOOM_MACHINE_STATUS_W_REG_FINISH ) {
C51 COMPILER V8.08   INTR                                                                  06/16/2022 10:11:55 PAGE 9   

 484   5                                              intrSmoothZoomCtrl.zoomFactUpdate = INTR_SMOOTH_ZOOM_MACHINE_STATUS_W_REG_FINISH_NEXT_FRAME;
 485   5                                      }
 486   4                              }
 487   3                      }
 488   2      
 489   2                      if (XBYTE[REG_Dram_Cdsp1Eof_Sts]&0x02 && XBYTE[REG_Dram_Cdsp1Eof_Inten]&0x02) {
 490   3                              #if 1
 491   3                              if (vidDateStampSts) {
 492   4                                      //pvPhofrmBlendIntr(K_SDRAM_ImagePlaybackBufAddr, 320, 240);
 493   4                                      XBYTE[REG_Dram_Cdsp1Eof_Sts] |= 0x02;
 494   4      
 495   4                              }
 496   3                              if (photoEnable) {
 497   4                                      pvPhofrmBlendIntr(K_SDRAM_PvPFYUVAddr, 320, 240);
 498   4                                      XBYTE[REG_Dram_Cdsp1Eof_Sts] |= 0x02;
 499   4                              }
 500   3                              INTR_calibrationPrvRawAddrSet();
 501   3                              #endif
 502   3                              XBYTE[REG_Dram_Cdsp1Eof_Sts] |= 0x02;
 503   3                      }
 504   2      
 505   2                      #if STILL_SNAP_ON//cx add for still snap
 506   2                      if (XBYTE[0x2700]&0x40 && XBYTE[0x2708]&0x40) {
 507   3                              INTR_putchar('#');
 508   3                              XBYTE[0x2700] |= 0x40; //clear
 509   3                              XBYTE[0x2708]&= 0xbf;  //disable dram usbrdyend_sts_en
 510   3                              G_SnapFlag = 2;
 511   3                              XBYTE[0x2548]&=0xfe;    //disable video ISO pipe
 512   3                       }
 513   2                       #endif
 514   2                      //#if !VIDREC_JPEG_EOF_EN
 515   2      
 516   2                      if(XBYTE[REG_Dram_VlcIntEn] & 0x03 & XBYTE[REG_Dram_VlcRdy]) {
 517   3      
 518   3      #if (VIDEO_FRONT_CDSP_JPG_DBG == 1)
                                      if (videoStatisticsEn) {
                                              videoJpgTriggerCnt++;
                                      }
              #endif
 523   3                              videoRecIntr();
 524   3      
 525   3                              #if 0
                                      //INTR_putchar('c');
                                      if (VideoRecBegin){
                                              INTR_videoRecVlcBufSet();
                                              //INTR_putchar('0');
                                      }else{
                                              if ((XBYTE[REG_Dram_VlcRdy]&0x03)==0x03){
                                                       //wangrf++
                                                      ysize=(g_vidDateStamp.stampH>>4)& 0x01FF;
                                                      disHOff=g_vidDateStamp.disHOff>>4;
                                                      disVOff=g_vidDateStamp.disVOff>>4;
              
                                                      XBYTE[REG_Jpeg_Stamhoffset_Low] = *((UINT8*)&disHOff+1); //stamp h offset
                                                      XBYTE[REG_Jpeg_Stamhoffset_High] = *((UINT8*)&disHOff+0);
                                                      XBYTE[REG_Jpeg_Stamvoffset_Low] = *((UINT8*)&disVOff+1);//stamp v offset
                                                      XBYTE[REG_Jpeg_Stamvoffset_High] = *((UINT8*)&disVOff+0);
              
                                                      XBYTE[REG_Jpeg_Stamvsize_Low] = *((UINT8*)&ysize+1);//stamp v size
                                                      XBYTE[REG_Jpeg_Stamvsize_High] = *((UINT8*)&ysize+0);
                                                      //wangrf++ end
                                                      XBYTE[REG_Dram_PauseReq_Low] |= 0x20;
C51 COMPILER V8.08   INTR                                                                  06/16/2022 10:11:55 PAGE 10  

                                                      XBYTE[REG_Jpeg_YUV_Type] &= 0xFC;
                                                      XBYTE[REG_Jpeg_YUV_Type] |= 0x01;
                                                      XBYTE[REG_Dram_PauseReq_Low] &= ~0x20;
                                                      XBYTE[REG_Dram_VlcIntEn]|=0x03;
                                                      INTR_videoRecVlcBufSet();
                                                      VideoRecBegin = 1;
                                                      //INTR_putchar('2');
                                              }
                                              else
                                              {
                                                      XBYTE[REG_Dram_VlcIntEn]&=~(XBYTE[REG_Dram_VlcRdy]&0x03);
                                                      //INTR_putchar('1');
                                              }
                                      }
                                      #endif
 561   3      
 562   3                      }
 563   2      
 564   2                      //#endif
 565   2                      /* for Code sentry use */
 566   2                      if (XBYTE[REG_Dram_Cdsp1Eof_Sts]&0x80 && XBYTE[REG_Dram_Cdsp1Eof_Inten]&0x80) {
 567   3                              G_CodeSentry_270A = XBYTE[REG_Dram_AddressErrms_Low];
 568   3                              G_CodeSentry_270B = XBYTE[REG_Dram_AddressErrms_High];
 569   3                              XBYTE[REG_Dram_Cdsp1Eof_Sts] |= 0x80;
 570   3                              G_CodeSentry = 0x01;
 571   3                              INTR_putchar('@');
 572   3                              #if 1 //wangjg++ for MOE/II/FD dbg
 573   3                              intrPutUint8(G_CodeSentry_270B);
 574   3                              intrPutUint8(G_CodeSentry_270A);
 575   3                              intrPutChar(',');
 576   3                              #if 0 //wangjg++ codesentry disable hal engine clock
                                      XBYTE[0x2013]&=~0x20;//disable jpg
                                      XBYTE[0x2014]&=~0x2c;//disable audio,audio adc,gprm
                                      XBYTE[0x2015]&=~0x93;//disable audio,cdsp,dma mclk cdsp pclk
                                      HAL_MoeDbgIntr();
              
                                      while(1);//wangjg++ codesentry disable cpu
                                      #endif
 584   3                              if(0x1000==((UINT16)((G_CodeSentry_270B & 0x1F)<<8)  | (UINT16)G_CodeSentry_270A))
 585   3                              {
 586   4                                      /*
 587   4                                      xdata UINT32 xdata* pt32= csDbgData;
 588   4                                      csDbgData[0] = XBYTE[0x2e3b];//moe dst addr
 589   4                                      csDbgData[1] = XBYTE[0x2e3a];
 590   4                                      csDbgData[2] = XBYTE[0x2e39];
 591   4                                      csDbgData[3] = XBYTE[0x2e38];
 592   4      
 593   4                                      csDbgData[4] = XBYTE[REG_II_DstAddr3];//II Scale/II/SII Generation dst addr
 594   4                                      csDbgData[5] = XBYTE[REG_II_DstAddr2];
 595   4                                      csDbgData[6] = XBYTE[REG_II_DstAddr1];
 596   4                                      csDbgData[7] = XBYTE[REG_II_DstAddr0];
 597   4      
 598   4                                      csDbgData[8] = XBYTE[REG_FD_OutStartAddr3];//FD Out addr
 599   4                                      csDbgData[9] = XBYTE[REG_FD_OutStartAddr2];
 600   4                                      csDbgData[10] = XBYTE[REG_FD_OutStartAddr1];
 601   4                                      csDbgData[11] = XBYTE[REG_FD_OutStartAddr0];
 602   4      
 603   4      
 604   4                                      csDbgData[12] = XBYTE[0x2e17];//moe queue idx
 605   4                                      csDbgData[13] = XBYTE[0x2e16];//moe queue idx
 606   4                                      csDbgData[14] = XBYTE[0x2e15];//moe queue idx
 607   4                                      csDbgData[15] = XBYTE[0x2e14];//moe queue idx
C51 COMPILER V8.08   INTR                                                                  06/16/2022 10:11:55 PAGE 11  

 608   4      
 609   4                                      csDbgData[16] = XBYTE[0x2e57];//II queue idx
 610   4                                      csDbgData[17] = XBYTE[0x2e56];//II queue idx
 611   4                                      csDbgData[18] = XBYTE[0x2e55];//II queue idx
 612   4                                      csDbgData[19] = XBYTE[0x2e54];//II queue idxcsDbgData[16] = XBYTE[0x2e54];//II queue idx
 613   4      
 614   4                                      intrPutChar('\n');
 615   4                                      intrPutUint32(pt32[0]);
 616   4                                      intrPutChar(',');
 617   4                                      intrPutUint32(pt32[1]);
 618   4                                      intrPutChar(',');
 619   4                                      intrPutUint32(pt32[2]);
 620   4                                      intrPutChar(',');
 621   4                                      intrPutUint32(pt32[3]);
 622   4                                      intrPutChar(',');
 623   4                                      intrPutUint32(pt32[4]);
 624   4                                      intrPutChar('\n');*/
 625   4      
 626   4                                      HAL_MoeDbgIntr();
 627   4                                      //printf("OUT:MOE(%lx),II(%lx),FD(%lx),(%lx,%bx),(%bx)\n",pt32[0],pt32[1],pt32[2],pt32[3],pt32[4],vdPr
             -ocEn);
 628   4                              }
 629   3                              #endif
 630   3                      }
 631   2      
 632   2              }
 633   1      
 634   1      //1 JPEG
 635   1      
 636   1              else if ((IntSts & INTR_SRC_TYPE_JPG ) == INTR_SRC_TYPE_JPG) {
 637   2                      if ((XBYTE[REG_Jpeg_Intr_Event] & 0x20)
 638   2                              && (XBYTE[REG_Jpeg_Intr_Enable] & 0x20)){/* ME Start */
 639   3                              XBYTE[REG_Jpeg_Intr_Event] = 0x20;//claer ME Start Sts
 640   3      
 641   3                              #if PANORAMA_EN
                                      if ( G_PanoramaEn ) {
                                              G_MEIntrSts = 1;
                                              //intrPutChar('S');
                                      }
                                      #endif
 647   3                      }
 648   2                      else if ((XBYTE[REG_Jpeg_Intr_Event] & 0x40)
 649   2                              && (XBYTE[REG_Jpeg_Intr_Enable] & 0x40)){/* ME Dobe */
 650   3                              XBYTE[REG_Jpeg_Intr_Event] = 0x40;//claer ME Done Sts
 651   3                              
 652   3                              #if PANORAMA_EN
                                      if ( G_PanoramaEn ) {
                                              if ( G_MEIntrSts == 1 ) {
                                                      G_MEIntrSts = 2;
                                                      //intrPutChar('E');
                                                      osMsgPost(SP1K_MSG_GMV_BY_FRAME_CALCULUS);
                                                      
                                                      /* switch ME buffer, 1st Path YUV buffer */
                                                      if ( G_PanoramaBufSts ) {
                                                              UINT8 sts;
                                                              sts = INTR_panoramaBufSwitch();
                                                              
                                                              if ( sts == SUCCESS ) {
                                                                      //intrPutChar('C');
                                                                      G_PanoramaBufSts = 0;
                                                              }
                                                              else {
C51 COMPILER V8.08   INTR                                                                  06/16/2022 10:11:55 PAGE 12  

                                                                      //intrPutUint8(sts);
                                                              }
                                                      }
                                              }
                                      }
                                      else 
                                      #endif
 676   3                              {
 677   4                                      XBYTE[REG_Jpeg_Intr_Event] = 0x60;
 678   4                                      //INTR_DistGmvSet();
 679   4                                      intrPutChar('P');
 680   4                              }
 681   3                      }       
 682   2                      //#ifdef VIDEO_REC_BRC_EN
 683   2                      else if ((XBYTE[REG_Jpeg_Intr_Event] & 0x08)
 684   2                              && (XBYTE[REG_Jpeg_Intr_Enable] & 0x08)){
 685   3                                      //#if VD_REC_DEBUG
 686   3                                      //vdTimeEvt_Intr(VD_EVT_BOUNDARY_OVERFLOW);
 687   3                                      //#endif
 688   3                                      //XBYTE[REG_Jpeg_Intr_Event] = 0x0A;// clear Overflow & MJPG eof  interupt
 689   3                                      INTR_videoClipBrcVlcOvfSetQtable();
 690   3                                      INTR_putchar('O');
 691   3                              }
 692   2                      //#endif
 693   2                      //#if VIDREC_JPEG_EOF_EN
 694   2                      else if((XBYTE[REG_Jpeg_Intr_Event]&0x02)&&(XBYTE[REG_Jpeg_Intr_Enable]&0x02)){
 695   3                              XBYTE[REG_Jpeg_Intr_Event] |=0x02;
 696   3                              if(g_vidParam[VD_CAPTURE]){
 697   4                                      speedyCaptureIntr();
 698   4                              }
 699   3                              else{
 700   4                                      if(XBYTE[0x2000] == 0x04) {
 701   5                                              G_usbPvFrameCount++;
 702   5                                      }
 703   4                                      else {
 704   5                                              videoRecIntr();
 705   5                                      }
 706   4      
 707   4                              }
 708   3                              #if 0
                                      if (VideoRecBegin){
                                              if((XBYTE[REG_Dram_VlcRdy]&0x03)==0x03){
                                                      INTR_videoRecVlcBufSet();
                                              }
                                              //INTR_putchar('0');
                                      }else{
                                              if ((XBYTE[REG_Dram_VlcRdy]&0x03)==0x03){
                                                       //wangrf++
                                                      ysize=(g_vidDateStamp.stampH>>4)& 0x01FF;
                                                      disHOff=g_vidDateStamp.disHOff>>4;
                                                      disVOff=g_vidDateStamp.disVOff>>4;
              
                                                      XBYTE[REG_Jpeg_Stamhoffset_Low] = *((UINT8*)&disHOff+1); //stamp h offset
                                                      XBYTE[REG_Jpeg_Stamhoffset_High] = *((UINT8*)&disHOff+0);
                                                      XBYTE[REG_Jpeg_Stamvoffset_Low] = *((UINT8*)&disVOff+1);//stamp v offset
                                                      XBYTE[REG_Jpeg_Stamvoffset_High] = *((UINT8*)&disVOff+0);
              
                                                      XBYTE[REG_Jpeg_Stamvsize_Low] = *((UINT8*)&ysize+1);//stamp v size
                                                      XBYTE[REG_Jpeg_Stamvsize_High] = *((UINT8*)&ysize+0);
                                                      //wangrf++ end
                                                      XBYTE[REG_Dram_PauseReq_Low] |= 0x20;
                                                      XBYTE[REG_Jpeg_YUV_Type] &= 0xFC;
C51 COMPILER V8.08   INTR                                                                  06/16/2022 10:11:55 PAGE 13  

                                                      XBYTE[REG_Jpeg_YUV_Type] |= 0x01;
                                                      XBYTE[REG_Dram_PauseReq_Low] &= ~0x20;
                                                      //XBYTE[REG_Dram_VlcIntEn]|=0x03;
                                                      INTR_videoRecVlcBufSet();
                                                      VideoRecBegin = 1;
                                                      //INTR_putchar('2');
                                              }
                                              else
                                              {
                                                      //XBYTE[REG_Dram_VlcIntEn]&=~(XBYTE[REG_Dram_VlcRdy]&0x03);
                                                      //INTR_putchar('1');
                                              }
                                      }
                                      #endif
 745   3                              #if 0
                                       if (VideoRecBegin==1 && (XBYTE[REG_Jpeg_YUV_Type]&0x01)!=0x01 && g_vidParam[VD_REC_YUV_FORMAT]==VD_REC
             -_YUV_422_420){//tq.zhang video yuv420
                                              if((XBYTE[REG_Dram_VlcRdy]&0x03)==0x00 ){
              
                                              }
                                              else if((XBYTE[REG_Dram_VlcRdy]&0x03)==0x01 ){
              
                                              }
                                              else if((XBYTE[REG_Dram_VlcRdy]&0x03)==0x02 ){
              
                                              }
                                              else{
              
                                                      ysize=(g_vidDateStamp.stampH>>4)& 0x01FF;
                                                      disHOff=g_vidDateStamp.disHOff>>4;
                                                      disVOff=g_vidDateStamp.disVOff>>4;
                                                      XBYTE[REG_Jpeg_Stamhoffset_Low] = *((UINT8*)&disHOff+1); //stamp h offset
                                                      XBYTE[REG_Jpeg_Stamhoffset_High] = *((UINT8*)&disHOff+0);
                                                      XBYTE[REG_Jpeg_Stamvoffset_Low] = *((UINT8*)&disVOff+1);//stamp v offset
                                                      XBYTE[REG_Jpeg_Stamvoffset_High] = *((UINT8*)&disVOff+0);
                                                      XBYTE[REG_Jpeg_Stamvsize_Low] = *((UINT8*)&ysize+1);//stamp v size
                                                      XBYTE[REG_Jpeg_Stamvsize_High] = *((UINT8*)&ysize+0);
                                                      XBYTE[REG_Dram_PauseReq_Low] |= 0x20;
                                                      XBYTE[REG_Jpeg_YUV_Type] &= 0xFC;
                                                      XBYTE[REG_Jpeg_YUV_Type] |= 0x01;
                                                      XBYTE[REG_Dram_PauseReq_Low] &= ~0x20;
                                                      INTR_videoRecVlcBufSet();
                                                      VideoRecBegin=2;
                                                      }
                                      }
                                      else{
                                              if((XBYTE[REG_Dram_VlcRdy]&0x03)==0x00 ){
              
                                              }
                                              else if((XBYTE[REG_Dram_VlcRdy]&0x03)==0x01 ){
              
                                              }
                                              else if((XBYTE[REG_Dram_VlcRdy]&0x03)==0x03){
              
                                                      INTR_videoRecVlcBufSet();
                                              }
                                      }
                                      #endif
 788   3                      }
 789   2                      //#endif
 790   2              }
 791   1      //1 CDSP
C51 COMPILER V8.08   INTR                                                                  06/16/2022 10:11:55 PAGE 14  

 792   1              else if ((IntSts & INTR_SRC_TYPE_CDSP) == INTR_SRC_TYPE_CDSP) {
 793   2      
 794   2                      #if 0
                                      if (((XBYTE[REG_Cdsp_Cdspinten_lo] & 0x04) == 0x04) &&((XBYTE[REG_Cdsp_evnt1] & 0x04) == 0x04)) {
                                              XBYTE[REG_Cdsp_evnt1] = 0x04;
                                              G_3ACount = G_3ACount+1;
                                              if(G_3ACount == G_3AFreq) {
                                                      //XBYTE[0x2030]|=0x01;
                                                      //printf("3 AE done enter\n");
                                                      G_3AFlag = 1;
                                                      G_3ACount=0;
                                                      //XBYTE[0x2030]&=(~0x01);
                                              }
                                              G_AEFlag = 1;
                                      }
              
                                      if ((totalFrameCnt>0)&&(totalFrameCnt<600)){    /*record output hsize every frame*/
                                              G_FPGAMemPool[totalFrameCnt*2]=XBYTE[0x22b8];
                                              G_FPGAMemPool[totalFrameCnt*2+1]=XBYTE[0x22b9];
                                      }
                                      XBYTE[REG_Cdsp_evnt1] = 0x01;
                              #endif
 814   2              }
 815   1      
 816   1      //1 FRONT
 817   1              else if ((IntSts & INTR_SRC_TYPE_FRONT) == INTR_SRC_TYPE_FRONT) {
 818   2      
 819   2                      aeStatusGpioByteOutSet(GPIO_BYTE_GEN1, 0x30, 0x00);     /* status 0 */
 820   2      
 821   2                      if ( (XBYTE[REG_Front_Finten_low] & 0x01) &&     //VD rising edge interrupt enable
 822   2                                      (XBYTE[0x2AC0] & 0x01) ) {      //VD rising edge interrupt
 823   3      
 824   3                              XBYTE[0x2AC0] = 0x01;   /* clear interrupt event. */
 825   3                              vdProcEn|=0x80;
 826   3      
 827   3                              aeStatusGpioByteOutSet(GPIO_BYTE_GEN1, 0x30, 0x10);     /* status 1 */
 828   3      
 829   3                              vdCount++;
 830   3                              
 831   3                              if ((vdCount & 0x03) != (XBYTE[REG_Dram_MpgSb_CdspWRegIdx] & 0x03) ) {
 832   4                                      vdCount = (vdCount & ~0x03) | (XBYTE[REG_Dram_MpgSb_CdspWRegIdx] & 0x03);
 833   4                                      EGTaeIntrPutChar('!');
 834   4                              }
 835   3      
 836   3                              GIDaeIntrPutChar('[');
 837   3                              GIDaeIntrPutUint8(vdCount);
 838   3                              GIDaeIntrPutChar(']');
 839   3      
 840   3                              #if (II_AE_MOTION_DET_EN == 1)
                                      if (aeGainExpSetEn && (G_ExpGainSetPos == AE_EXP_GAIN_NOT_ACTION_FOR_YUV)) {
                                              idx = vdCount&0x03;
              
                                              if (idx == 2 && aeSyncStatus == AE_STATUS_PROC_TRIGGER) {
                                                      aeSyncStatus = AE_STATUS_SET_EXPOSURE;
                                                      aeIITrigApi();
                                                      EGTaeIntrPutChar('@');
                                              }
                                              else if (idx == 3 && aeSyncStatus == AE_STATUS_SET_EXPOSURE) {
                                                      aeSyncStatus = AE_STATUS_SET_GAIN;
                                                      aeIntrProcApi();
                                                      EGTaeIntrPutChar('#');
                                              }
C51 COMPILER V8.08   INTR                                                                  06/16/2022 10:11:55 PAGE 15  

                                              else if (idx == 0 && aeSyncStatus == AE_STATUS_SET_GAIN) {
                                                      aeSyncStatus = AE_STATUS_EFFECT_FRAME;
                                                      EGTaeIntrPutChar('%');
                                              }
                                              else if (idx == 1 && aeSyncStatus == AE_STATUS_EFFECT_FRAME) {
                                                      aeSyncStatus = AE_STATUS_PROC_TRIGGER;
                                                      EGTaeIntrPutChar('\n');
                                              }
                                      }
                                      #else
 864   3                              if (aeGainExpSetEn && (G_ExpGainSetPos == AE_EXP_GAIN_SET_POS_VD_RISING)) {
 865   4                                      idx = vdCount&0x03;
 866   4      
 867   4                                      if (idx == 2 && aeSyncStatus == AE_STATUS_PROC_TRIGGER) {
 868   5                                              aeSyncStatus = AE_STATUS_SET_EXPOSURE;
 869   5                                              aeIITrigApi();
 870   5                                              EGTaeIntrPutChar('@');
 871   5                                      }
 872   4                                      else if (idx == 3 && aeSyncStatus == AE_STATUS_SET_EXPOSURE) {
 873   5                                              aeSyncStatus = AE_STATUS_SET_GAIN;
 874   5                                              aeCostGpioByteOutSet(GPIO_BYTE_GEN1, 0x10, 0x10);
 875   5                                              aeIntrProcApi();
 876   5                                              aeCostGpioByteOutSet(GPIO_BYTE_GEN1, 0x10, 0x00);
 877   5                                              aeExposureGainSet(vdCount);
 878   5                                              EGTaeIntrPutChar('#');
 879   5                                      }
 880   4                                      else if (idx == 0 && aeSyncStatus == AE_STATUS_SET_GAIN) {
 881   5                                              aeSyncStatus = AE_STATUS_EFFECT_FRAME;
 882   5                                              aeExposureGainSet(vdCount);
 883   5                                              EGTaeIntrPutChar('%');
 884   5                                      }
 885   4                                      else if (idx == 1 && aeSyncStatus == AE_STATUS_EFFECT_FRAME) {
 886   5                                              aeSyncStatus = AE_STATUS_PROC_TRIGGER;
 887   5                                              EGTaeIntrPutChar('\n');
 888   5                                      }
 889   4                              }
 890   3                              awbGainUpdateSyncVdIntr();
 891   3                              #endif
 892   3                              if(vdProcEn & VD_PROC_DIST){
 893   4                                      //distIntr();
 894   4                              }
 895   3                      }
 896   2                      else if ( (XBYTE[REG_Front_Finten_low] & 0x20) &&   //VVALID rising edge interrupt enable
 897   2                                              (XBYTE[0x2AC0] & 0x20) ) {      //VVALID rising edge interrupt event
 898   3      
 899   3                              //XBYTE[0x2AC0] = 0x20; /* clear interrupt event. */
 900   3                              XBYTE[0x2AC0] = 0x60;   /* clear VVALID rising and VVALID falling interrupt event, when VVALID rising and
             - VVALID falling event trigger at the same time */
 901   3      
 902   3                              aeStatusGpioByteOutSet(GPIO_BYTE_GEN1, 0x30, 0x30);     /* status 3 */
 903   3      
 904   3                              if ( intrSmoothZoomCtrl.zoomFactUpdate == INTR_SMOOTH_ZOOM_MACHINE_STATUS_W_REG_FINISH_NEXT_FRAME ) {
 905   4                                      intrSmoothZoomCtrl.zoomFactUpdate = INTR_SMOOTH_ZOOM_MACHINE_STATUS_STOP;
 906   4                                      //intrPutChar('S');
 907   4                              }
 908   3      
 909   3                              if ( intrSmoothZoomCtrl.zoomFactUpdate == INTR_SMOOTH_ZOOM_MACHINE_STATUS_W_REG_FINISH ) {
 910   4                                      if (intrSmoothZoomCtrl.frontGateDisable == INTR_SMOOTH_SENSOR_ZOOM_FLOW_GATING_DISABLE) {
 911   5                                              INTR_HQDZoomFrontGateDisableSet();
 912   5                                              intrSmoothZoomCtrl.frontGateDisable = INTR_SMOOTH_SENSOR_ZOOM_FLOW_END;
 913   5                                      }
 914   4                                      else if (intrSmoothZoomCtrl.frontGateDisable == INTR_SMOOTH_SENSOR_ZOOM_FLOW_START) {
C51 COMPILER V8.08   INTR                                                                  06/16/2022 10:11:55 PAGE 16  

 915   5                                              /* next frame status */
 916   5                                              intrSmoothZoomCtrl.frontGateDisable = INTR_SMOOTH_SENSOR_ZOOM_FLOW_GATING_DISABLE;
 917   5                                      }
 918   4                              }
 919   3      
 920   3                              /* check seek msg */
 921   3                              INTR_SmoothZoomStopCheck();
 922   3      
 923   3                              #if (II_AE_MOTION_DET_EN == 1)
                                      if (aeGainExpSetEn && (G_ExpGainSetPos == AE_EXP_GAIN_NOT_ACTION_FOR_YUV)) {
                                              idx = vdCount&0x03;
              
                                              if (idx == 2 && aeSyncStatus == AE_STATUS_PROC_TRIGGER) {
                                                      aeSyncStatus = AE_STATUS_SET_EXPOSURE;
                                                      aeIITrigApi();
                                                      EGTaeIntrPutChar('@');
                                              }
                                              else if (idx == 3 && aeSyncStatus == AE_STATUS_SET_EXPOSURE) {
                                                      aeSyncStatus = AE_STATUS_SET_GAIN;
                                                      aeIntrProcApi();
                                                      EGTaeIntrPutChar('#');
                                              }
                                              else if (idx == 0 && aeSyncStatus == AE_STATUS_SET_GAIN) {
                                                      aeSyncStatus = AE_STATUS_EFFECT_FRAME;
                                                      EGTaeIntrPutChar('%');
                                              }
                                              else if (idx == 1 && aeSyncStatus == AE_STATUS_EFFECT_FRAME) {
                                                      aeSyncStatus = AE_STATUS_PROC_TRIGGER;
                                                      EGTaeIntrPutChar('\n');
                                              }
                                      }
                                      #else
 947   3                              if (aeGainExpSetEn && (G_ExpGainSetPos == AE_EXP_GAIN_SET_POS_VVALID_RISING)) {
 948   4                                      idx = vdCount&0x03;
 949   4      
 950   4                                      if (idx == 2 && aeSyncStatus == AE_STATUS_PROC_TRIGGER) {
 951   5                                              aeSyncStatus = AE_STATUS_SET_EXPOSURE;
 952   5                                              aeIITrigApi();
 953   5                                              EGTaeIntrPutChar('@');
 954   5                                      }
 955   4                                      else if (idx == 3 && aeSyncStatus == AE_STATUS_SET_EXPOSURE) {
 956   5                                              aeSyncStatus = AE_STATUS_SET_GAIN;
 957   5                                              aeCostGpioByteOutSet(GPIO_BYTE_GEN1, 0x10, 0x10);
 958   5                                              aeIntrProcApi();
 959   5                                              aeCostGpioByteOutSet(GPIO_BYTE_GEN1, 0x10, 0x00);
 960   5      
 961   5                                              INTR_PvDynamicTempoalDenoiseCheck();
 962   5      
 963   5                                              aeExposureGainSet(vdCount);
 964   5                                              EGTaeIntrPutChar('#');
 965   5                                      }
 966   4                                      else if (idx == 0 && aeSyncStatus == AE_STATUS_SET_GAIN) {
 967   5                                              aeSyncStatus = AE_STATUS_EFFECT_FRAME;
 968   5                                              aeExposureGainSet(vdCount);
 969   5                                              EGTaeIntrPutChar('%');
 970   5                                      }
 971   4                                      else if (idx == 1 && aeSyncStatus == AE_STATUS_EFFECT_FRAME) {
 972   5                                              aeSyncStatus = AE_STATUS_PROC_TRIGGER;
 973   5                                              EGTaeIntrPutChar('\n');
 974   5                                      }
 975   4                              }
 976   3                              #endif
C51 COMPILER V8.08   INTR                                                                  06/16/2022 10:11:55 PAGE 17  

 977   3      
 978   3                              #if (AF_FIXTURE_EN == 1)
 979   3                              afIntrWinValueGet();
 980   3                              #endif
 981   3      
 982   3                      }
 983   2                      else if ( (XBYTE[REG_Front_Finten_low] & 0x40) &&   //VVALID falling edge interrupt enable
 984   2                                              (XBYTE[0x2AC0] & 0x40) ) {      //VVALID falling edge interrupt event
 985   3      
 986   3                              //UINT16 addr;
 987   3                              XBYTE[0x2AC0] = 0x40;   /* clear interrupt event. */
 988   3      
 989   3                              aeStatusGpioByteOutSet(GPIO_BYTE_GEN1, 0x30, 0x20);     /* status 2 */
 990   3      
 991   3      /*                      #if (VIDEO_FRONT_CDSP_JPG_DBG == 1)
 992   3                              if (videoStatisticsEn) {
 993   3                                      videoFrontInputCnt++;
 994   3                              }
 995   3                              #endif
 996   3      */
 997   3                              /*
 998   3                              if ((totalFrameCnt>0)&&(totalFrameCnt<1000)){
 999   3      
1000   3                                      if (totalFrameCnt%4==0){
1001   3                                              XBYTE[0x227a]+=4;
1002   3                                      }
1003   3                              }
1004   3                              */
1005   3      
1006   3                              #if 0
                                      if ((XBYTE[REG_Cdsp_evnt1]&0x80)==0x80){  /* It would cause snap issue, needs to be checked */
                                              XBYTE[REG_Cdsp_pSkipwr]=0x02;
                                              XBYTE[REG_Cdsp_pSkipwr]&=0xfd;
                                              XBYTE[REG_Cdsp_evnt1]=0x80;
                                              //HAL_GlobalReadGTimer( &awbTime );
                                              //pt = (UINT32 xdata *)G_FPGAMemPool;
                                              //if(awbErrCnt<500){
                                              //      *(pt+awbErrCnt)=awbTime;
                                              //      awbErrCnt++;
                                              //}
                                      }
                                      #endif
1019   3      
1020   3                              INTR_PvDynamicTempoalDenoiseGateSet();
1021   3      
1022   3                              if (aeSyncStatus == AE_STATUS_EFFECT_FRAME) {
1023   4                                      INTR_PvDynamicTempoalDenoisePclkSet();
1024   4      
1025   4                                      INTR_PvDynamicTempoalDenoiseRegSet();
1026   4                              }
1027   3      
1028   3                              INTR_PvDynamicEnhanCheck();
1029   3      
1030   3                              if(vdProcEn & VD_PROC_DIST){
1031   4                                      distIntr();
1032   4                              }
1033   3                      }
1034   2              }
1035   1      
1036   1      //1 AUDIO
1037   1      
1038   1              else if ((IntSts & INTR_SRC_TYPE_AUD) == INTR_SRC_TYPE_AUD){
C51 COMPILER V8.08   INTR                                                                  06/16/2022 10:11:55 PAGE 18  

1039   2              /* alc , enable: XBYTE[0x2609] */
1040   2                      if (((XBYTE[REG_Audio_SarAdcIntsts] & 0x01) == 0x01) && //TP interrupt event
1041   2                              ((XBYTE[REG_Audio_SarAdcIntEn] & 0x01) == 0x01))        //TP interrupt enable
1042   2                      {
1043   3                              XBYTE[REG_Audio_SarAdcIntsts] = 0x01;
1044   3      
1045   3                              //HAL_GlobalTimerWait(5);
1046   3                              //XBYTE[REG_Audio_SarAdcIntsts]=0x01;//clear tp evt intr  state
1047   3                              intrPutChar('e');
1048   3                              intrPutChar('\n');
1049   3                              HAL_TpIntrEvt();//G_penstate=pendown
1050   3      
1051   3                      }
1052   2                    /*for sar  delay  int*/
1053   2                      else if (((XBYTE[REG_Audio_SarAdcIntsts] & 0x04) == 0x04) &&
1054   2                              ((XBYTE[REG_Audio_SarAdcIntEn] & 0x04) == 0x04))
1055   2                      {
1056   3                              XBYTE[REG_Audio_SarAdcIntsts] = 0x04;
1057   3      
1058   3                              XBYTE[0x260b]&=0xfb;//disable sar delay int
1059   3                              intrPutChar('s');
1060   3                              intrPutChar('\n');
1061   3                      }
1062   2                      /*for tp  pen down */
1063   2                      else if (((XBYTE[REG_Audio_SarAdcIntsts] & 0x08) == 0x08) &&
1064   2                                      ((XBYTE[REG_Audio_SarAdcIntEn] & 0x08) == 0x08))
1065   2                              {
1066   3                                      XBYTE[REG_Audio_SarAdcIntsts] = 0x08;
1067   3      
1068   3                                      XBYTE[0x260b]&=0xf7;//disable pendnint
1069   3                                      XBYTE[0x2648]&=0xfd;//close tp_sw
1070   3      
1071   3                                      G_tpPenState=TP_PENDOWN;
1072   3                                      sp1kBtnDisableAllIntr();
1073   3                                      intrPutChar('d');
1074   3                                      intrPutChar('\n');
1075   3                              }
1076   2                              /*for tp  pen up */
1077   2                              else if (((XBYTE[REG_Audio_SarAdcIntsts] & 0x10) == 0x10) &&
1078   2                                      ((XBYTE[REG_Audio_SarAdcIntEn] & 0x10) == 0x10))
1079   2                              {
1080   3                                      XBYTE[REG_Audio_SarAdcIntsts] = 0x10;
1081   3                                      XBYTE[0x260b]&=0xef;//disable penupint
1082   3                                      G_tpPenState=TP_PENUP;
1083   3                                      sp1kBtnEnableAllIntr();
1084   3                                      intrPutChar('u');
1085   3                                      intrPutChar('\n');
1086   3                              }
1087   2      
1088   2      
1089   2                      #if 1 /* mark for 1628 FPGA */
1090   2                      else if (((XBYTE[REG_Audio_VolumeIntSts]&0x04) == 0x04) && //audio frame interrupt event
1091   2                              ((XBYTE[REG_Audio_VolumeIntEn]&0x04)==0x04)) //audio frame interrupt enable
1092   2                      {
1093   3                              UINT32 temp,audbuffaddr = K_SDRAM_AviCapAudioBufAddr;
1094   3                              UINT8 i,winnum = 16;
1095   3                              XBYTE[REG_Audio_VolumeIntSts] = 0x04; //clear audio fram interrrupt sts
1096   3      
1097   3                              if(HAL_GlobalICVerGet_intr()==0x00) {
1098   4                                      if ((XBYTE[REG_Moe_CmdStatus]&0x01) == 1)//HAL_MoeIsBusy(1) == 0x00 )
1099   4                                      {
1100   5                                              if(G_Sound_Ctrl) {
C51 COMPILER V8.08   INTR                                                                  06/16/2022 10:11:55 PAGE 19  

1101   6                                                      winnum = 2;
1102   6                                                      audbuffaddr = K_SDRAM_SoundCtrlAddr;
1103   6                                              }
1104   5                                              frame_count = XBYTE[REG_Audio_FrameCnt];
1105   5                                              i = frame_count-1;
1106   5                                              while( i>winnum-1 ) {
1107   6                                                      i= (i-winnum);
1108   6                                              }
1109   5                                              //when window_size modify,this follow value(i<<11) should be modify synchronously!!!
1110   5                                              temp = (UINT32)(i*G_WindowSize);//  i*window_size,
1111   5      
1112   5                                              //AgcvalGet_Intr(((audRecCtrl.AudioAddr)+temp), K_SDRAM_AlcMoeCommandBufAddr, &audio_curr_energy);
1113   5                                              HAL_AudAgcValGet((audbuffaddr+temp),sysMemAddrGet_Intr(MEM_IDX_ALC_MOE_CMD),HAL_AUD_SAMPLE_16BIT,&aud
             -io_curr_energy);
1114   5                                              //AgcvalGet(((audRecCtrl.AudioAddr)+temp),0x118b88UL+100030UL,0x0EA6,0x118b88UL+100000UL,1,&audio_cur
             -r_energy);
1115   5                                              //CPrintf3("agcengy:%u,scr=%lx,dst=%lx",audio_curr_energy,(K_SDRAM_AviCapAudioBufAddr+temp),sysMemAdd
             -rGet_Intr(MEM_IDX_ALC_MOE_CMD));
1116   5                                              audioAlcCal_Intr();
1117   5                                      }
1118   4                              }
1119   3                              else {
1120   4                                      HAL_AudAgcValGet((K_SDRAM_AviCapAudioBufAddr+temp),sysMemAddrGet_Intr(MEM_IDX_ALC_MOE_CMD),HAL_AUD_SAM
             -PLE_16BIT,&audio_curr_energy);
1121   4                                      audioAlcCal_Intr();
1122   4                              }
1123   3      
1124   3                      }
1125   2                      //sunyong add for shutter sound begin
1126   2                      #if 1  //marked for FPGA test alc  tq@20100311
1127   2                      else if(((XBYTE[REG_Audio_DataThdIntSts] & 0x02) == 0x02) && ((XBYTE[REG_Audio_DataThdIntEn] & 0x02 ) ==
             - 0x02))
1128   2                      {
1129   3                              XBYTE[REG_Audio_DataThdIntSts] |= 0x02;  /* clear audlessintsts. */
1130   3                              XBYTE[REG_Audio_DataThdIntEn] &= ~0x02;  /* disable audlessinten. */
1131   3                              //XBYTE[REG_Audio_AudEn] &= ~0x02;  /* stop audply. */
1132   3                              XBYTE[REG_Audio_AudPause] = 0x01; /*puse audply*/
1133   3                              #if 0  /* [0035142] mattwang remove. */
                                      HAL_GpioByteOutSet(HAL_GPIO_BYTE_GEN1, 0x10, 0x00);     //pull low gpio12
                                      #else
1136   3                              //HAL_GpioByteOutSet_Intr(gpioByteIdSpkEn, gpioBitMskSpkEn, 0x00);      //pull low gpio12
1137   3                              #endif
1138   3                              //printf("2608:%bx\n", XBYTE[REG_Audio_DataThdIntEn] );
1139   3                      }
1140   2                   #endif
1141   2                      #endif
1142   2                      //sunyong add for shutter sound end
1143   2                      /*
1144   2                      if (((XBYTE[0x2Ad0] & 0x07) == 0x07) && //Inthnum0
1145   2                          ((XBYTE[0x2Ac0] & 0x07) == 0x07))
1146   2                      {
1147   2                              //printf("VD rising enter\n");
1148   2                              XBYTE[0x2030]|=0x08;
1149   2                              XBYTE[0x2Ac0] = 0x07;
1150   2                              XBYTE[0x2030]&=(~0x08);
1151   2                      }*/
1152   2              }
1153   1      
1154   1      //1 TV ENCODE
1155   1      #if 0
                      else if ((IntSts & INTR_SRC_TYPE_TVENC) == INTR_SRC_TYPE_TVENC){
                              if((XBYTE[REG_Disp_VsVdIntSts]&0x08) && (XBYTE[REG_Disp_VsVdIntEn]&0x08) && (HAL_GlobalICVerGet_intr()!=
C51 COMPILER V8.08   INTR                                                                  06/16/2022 10:11:55 PAGE 20  

             -0x01))
                              {
                                      if(!((XBYTE[REG_Disp_DispSignal]&0x01)||(XBYTE[REG_Disp_DispSignal]&0x02)))
                                      {
                                              XBYTE[REG_Disp_VsVdIntSts] |= 0x08;
                                              if( ((pkgChipIdGet_Intr()==0x1627)||(pkgChipIdGet()== 0x1626))&&(HAL_GlobalICVerGet_intr()==0x00) )
                                              {
                                                      XBYTE[REG_Disp_GpioSel0] = 0xFF;
                                                      XBYTE[REG_Disp_GpioSel0] = 0xFF;
                                                      G_DgpioValue = XBYTE[REG_Disp_GpioInVal0];
                                                      G_DgpioValue = XBYTE[REG_Disp_GpioInVal0];//for delay
                                                      XBYTE[REG_Disp_GpioSel0] = 0x00;
                                              }
                                      }
                              }
                      }
              #endif
1174   1      //1 FM GPIO
1175   1      
1176   1              else if ((IntSts & INTR_SRC_TYPE_FMGPIO) == INTR_SRC_TYPE_FMGPIO){
1177   2                      if((XBYTE[REG_Fm_evt] & (0x04)) && (XBYTE[REG_Fm_intEn] & (0x04))) {
1178   3                              XBYTE[REG_Fm_evt] |= (0x04);
1179   3                              //intrPutChar('S');
1180   3                              //intrPutChar('\n');
1181   3                              //INTR_SDBgRw();
1182   3                              bgRwTrig();
1183   3                      }
1184   2              }
1185   1      
1186   1      //1 GLOBAL
1187   1      
1188   1              else if ((IntSts & INTR_SRC_TYPE_GLOBAL) == INTR_SRC_TYPE_GLOBAL){
1189   2      #if 1 /* mark for 1628 FPGA */
1190   2              /* TP interrupt */
1191   2                      UINT8 val;
1192   2      
1193   2                      
1194   2                      //if (pkgChipIdGet_Intr() != 0x1527){
1195   2                                      //       val = 0x01 ; //GPIO8
1196   2                                      //} else {
1197   2                                               val = 0x08;  //GPIO3
1198   2                                      //}
1199   2                      
1200   2                      #if 0
                                              if (((XBYTE[0x207B] & val) == val) && //GPIO8 interrupt event
                                                              ((XBYTE[0x2045] & val) == val)) //GPIO8 interrupt enable
                              #else
1204   2                                      if (((XBYTE[0x207A] & val) == val) && //GPIO3 interrupt event
1205   2                                                      ((XBYTE[0x2044] & val) == val)) //GPIO3 interrupt enable
1206   2                      #endif
1207   2                                      {
1208   3                              #if 0
                                                      XBYTE[0x207B] &= (~val);
                                      #else
1211   3                                              XBYTE[0x207A] &= (~val);
1212   3                              #endif
1213   3                                              HAL_UsbSwPlugOut_Intr();
1214   3                                              G_UI_USBConnect = K_UI_USB_DISCONNECT;
1215   3                                              G_ucBulkPhase = K_CommandPhase;
1216   3                                              AdapterCharge = 1; //recover default value!
1217   3                                              XBYTE[REG_Usb_BufClr] = 0xFF;
1218   3                                              INTR_putchar('G');
C51 COMPILER V8.08   INTR                                                                  06/16/2022 10:11:55 PAGE 21  

1219   3                                      }
1220   2                      
1221   2      #endif
1222   2                      if (((XBYTE[0x20C0] & 0x02) == 0x02) && //Global timer0 interrupt event
1223   2                                      ((XBYTE[0x20D0] & 0x02) == 0x02))       //Global timer interrupt enable
1224   2                      {
1225   3                              //XBYTE[0x20C0] &= 0xFD; //timer 0 for WDT used
1226   3                              Gt0Cnt++;
1227   3                      }
1228   2                      else if (((XBYTE[0x20C0] & 0x04) == 0x04) && //Global timer1 interrupt event
1229   2                                      ((XBYTE[0x20D0] & 0x04) == 0x04))       //Global timer interrupt enable
1230   2                      {
1231   3                              XBYTE[0x20C0] &= 0xFB;
1232   3                              Gt1Cnt++;
1233   3                      }
1234   2                      else if (((XBYTE[0x20C0] & 0x08) == 0x08) && //Global timer2 interrupt event
1235   2                                      ((XBYTE[0x20D0] & 0x08) == 0x08))       //Global timer interrupt enable
1236   2                      {
1237   3                              XBYTE[0x20C0] &= 0xF7;
1238   3                              HAL_GlobalTimer2Handle_intr();
1239   3                      }
1240   2                      else if(( (XBYTE[0x20d0] &0x20)==0x20)){
1241   3                              videoRecRtcIntr();
1242   3      
1243   3                                //INTR_putchar('H');
1244   3                              #if 0
                                      UINT8 first0, first1,first2,first3,first4,first5;
                                      UINT32 _hight,time;
                                      UINT16 _low;
                                      HAL_GlobalWriteRTCData(0xc0, 0); /*clear alarm*/
                                      HAL_GlobalWriteRTCData(0xB1, 0x01);
                                      HAL_GlobalTimerWait10us(5);
                                      HAL_GlobalReadRTCData(0x25, &first5);
                                      HAL_GlobalReadRTCData(0x24, &first4);
                                      HAL_GlobalReadRTCData(0x23, &first3);
                                      HAL_GlobalReadRTCData(0x22, &first2);
                                      HAL_GlobalReadRTCData(0x21, &first1);
                                      HAL_GlobalReadRTCData(0x20, &first0);
                                      WRITE8(_low,0,first1);
                                      WRITE8(_low,1,first0);
                                      WRITE8(_hight,0,first5);
                                      WRITE8(_hight,1,first4);
                                      WRITE8(_hight,2,first3);
                                      WRITE8(_hight,3,first2);
              
                                       if(_low >=(65536 - tvTime) ){
                                          _hight += 1;
                                       }
                                  _low += tvTime;
                                  first0 = READ8(_low,1);
                                  first1 = READ8(_low,0);
                                  first2 = READ8(_hight,3);
                                  first3 = READ8(_hight,2);
                                  first4 = READ8(_hight,1);
                                  first5= READ8(_hight,0);
                                      HAL_GlobalWriteRTCData(0x20, first0);
                                      HAL_GlobalWriteRTCData(0x21, first1);
                                      HAL_GlobalWriteRTCData(0x22, first2);
                                      HAL_GlobalWriteRTCData(0x23, first3);
                                      HAL_GlobalWriteRTCData(0x24, first4);
                                      HAL_GlobalWriteRTCData(0x25, first5);
                                      #endif
C51 COMPILER V8.08   INTR                                                                  06/16/2022 10:11:55 PAGE 22  

1281   3                      }
1282   2              }
1283   1      
1284   1      //1 FD
1285   1              else if ((IntSts & INTR_SRC_TYPE_FD) == INTR_SRC_TYPE_FD) {
1286   2                      //printf("FD interrupt enter \n");
1287   2                      //INTR_putchar('~');
1288   2                      if ((XBYTE[REG_FD_Intr] & 0x01) && XBYTE[REG_FD_IntrEnable] & 0x01)     {
1289   3                              #if (FD_ENABLE == 1)
1290   3                              XBYTE[REG_FD_Intr] |= 0x03;
1291   3                              fdIntr();
1292   3                              #endif
1293   3                      }else if((XBYTE[REG_II_Intr] & 0x01)  && (XBYTE[REG_II_IntrEnable] & 0x01) ){
1294   3                              XBYTE[REG_II_Intr] |= 0x03;
1295   3                              //INTR_putchar('^');
1296   3                              if (iiDbgTrig == II_Trigger_Ae) {
1297   4                                      aeMoeTrigApi();
1298   4                              }
1299   3                              #if (FD_ENABLE == 1)
1300   3                              else if (iiDbgTrig == II_Trigger_Fd) {
1301   4                                      fdIntr();
1302   4                              }
1303   3                              #endif
1304   3                      }
1305   2                      else
1306   2                      {
1307   3                              XBYTE[REG_II_Intr] = 0xff;
1308   3                              #if (FD_ENABLE == 1)
1309   3                              XBYTE[REG_FD_Intr] = 0xff;
1310   3                              #endif
1311   3                      }
1312   2              }
1313   1      #if MOE_INTR_PROC_Enable
                      else if(XBYTE[REG_Moe_Intr] & XBYTE[REG_Moe_IntrEnable])
                      {
                              //printf("-moe intr-%bx,en:%bx\n",XBYTE[0x2e00],XBYTE[0x2e01]);
                              XBYTE[REG_Moe_Intr]=0xff;
                      }
              #endif
1320   1      
1321   1      INTR_EXIT:
1322   1      #endif //TAG_TODO
1323   1      #if INTR_TIMR_DECTED
                      WRITE8(tt1, 0, XBYTE[0x20C4]);
                      WRITE8(tt1, 1, XBYTE[0x20C3]);
                      WRITE8(tt1, 2, XBYTE[0x20C2]);
                      WRITE8(tt1, 3, XBYTE[0x20C1]);
                      if(tt1>tt0){
                              tt1-=tt0;
                              if(intrTime<tt1)
                                      intrTime=tt1;
                      }
              #endif
1334   1              INTR_Leave();
1335   1              INTR_EnableInterrupt();
1336   1      }
1337          
1338          //-----------------------------------------------------------------------------
1339          //INTR_Enter
1340          //-----------------------------------------------------------------------------
1341          void INTR_Enter(void) USING_1
1342          /*++
C51 COMPILER V8.08   INTR                                                                  06/16/2022 10:11:55 PAGE 23  

1343          
1344          Routine Description:
1345          
1346                  pre-processing in service routine of interrupt 0
1347          
1348          Arguments:
1349          
1350                  none
1351          
1352          Return Value:
1353          
1354                  none
1355          
1356          --*/
1357          {
1358   1              if(!(XBYTE[REG_Disp_DispSignal]&0x01))
1359   1              {
1360   2                      if( ((pkgChipIdGet()== 0x1627)||(pkgChipIdGet()== 0x1626))&&(HAL_GlobalICVerGet_intr()==0x00) )
1361   2                      {
1362   3                              XBYTE[REG_Disp_GpioSel0] = 0xFF;
1363   3                              XBYTE[REG_Disp_GpioSel0] = 0xFF;
1364   3                              G_DgpioValue = XBYTE[REG_Disp_GpioInVal0];
1365   3                              G_DgpioValue = XBYTE[REG_Disp_GpioInVal0];
1366   3                              XBYTE[REG_Disp_GpioSel0] = 0x00;
1367   3                      }
1368   2              }
1369   1      }
1370          
1371          //-----------------------------------------------------------------------------
1372          //INTR_Leave
1373          //-----------------------------------------------------------------------------
1374          void INTR_Leave(void) USING_1
1375          /*++
1376          
1377          Routine Description:
1378          
1379                  post-processing in service routine of interrupt 0
1380          
1381          Arguments:
1382          
1383                  none
1384          
1385          Return Value:
1386          
1387                  none
1388          
1389          --*/
1390          {
1391   1      //        POWER_UsbConnectStatusChangeInt();
1392   1      }
1393          
1394          //-----------------------------------------------------------------------------
1395          //INTR_DisableInterrupt
1396          //-----------------------------------------------------------------------------
1397          void INTR_DisableInterrupt(void) USING_1
1398          /*++
1399          
1400          Routine Description:
1401          
1402                  disable relative trigger of interrupt 0
1403          
1404          Arguments:
C51 COMPILER V8.08   INTR                                                                  06/16/2022 10:11:55 PAGE 24  

1405          
1406                  none
1407          
1408          Return Value:
1409          
1410                  none
1411          
1412          --*/
1413          {
1414   1              EX0 = 0;
1415   1      
1416   1              WRITE8(IntSts, 0, XBYTE[REG_Cpu_IntrSts1]);
1417   1              WRITE8(IntSts, 1, XBYTE[REG_Cpu_IntrSts0]);
1418   1      
1419   1              if ((IntSts & INTR_SRC_TYPE_USB) == INTR_SRC_TYPE_USB){
1420   2                      XBYTE[REG_Usb_IntEn] &= 0x9f;          //disable change event interrupt of
1421   2                                              //      video interface alternate setting
1422   2                                              //      audio interface alternate setting
1423   2      
1424   2                      XBYTE[REG_Usb_TransactionEn] &= 0x01;//0x81;        //NAK of (automatic done by hardware)
1425   2                                              //      EP0 Out packet
1426   2                                              //      EP0 In packet
1427   2                                              //      Bulk In packet
1428   2                                              //      Bulk Out packet
1429   2                                              //      Int In packet
1430   2                                              //      EP7 Int In packet
1431   2      
1432   2                      XBYTE[REG_Usb_EpAckIntEn] &= 0xb8;//0xf8;          //disable ACK interrupt of
1433   2                                              //      EP0 Setup packet OK
1434   2                                              //      EP0 Out packet OK
1435   2                                              //      EP0 In packet OK
1436   2                                              //      USB reset event
1437   2              }
1438   1      }
1439          
1440          //-----------------------------------------------------------------------------
1441          //INTR_EnableInterrupt
1442          //-----------------------------------------------------------------------------
1443          void INTR_EnableInterrupt(void) USING_1
1444          /*++
1445          
1446          Routine Description:
1447          
1448                  enable relative trigger of interrupt 0
1449          
1450          Arguments:
1451          
1452                  none
1453          
1454          Return Value:
1455          
1456                  none
1457          
1458          --*/
1459          {
1460   1      
1461   1      #if !TAG_TODO
1462   1              if ((IntSts & 0x0011) == 0x0011) {
1463   2                      XBYTE[REG_Usb_IntEn] |= 0x60;          //enable change event interrupt of
1464   2                                                      //      video interface alternate setting
1465   2                                                      //      audio interface alternate setting
1466   2      /*
C51 COMPILER V8.08   INTR                                                                  06/16/2022 10:11:55 PAGE 25  

1467   2                      if (XBYTE[REG_Usb_EpAckIntSts] & 0x01)
1468   2                      {
1469   2                              //printf("p");
1470   2                              putchar('p');
1471   2                              XBYTE[REG_Usb_EpAckIntSts] = 0x06;   //clear EP0InAck
1472   2                      }
1473   2                      else*/
1474   2                      if (G_btEP0Intr == 1)
1475   2                      {
1476   3                              G_btEP0Intr = 0;
1477   3                              if (G_ucCtrlPhase==K_OutDataPhase)
1478   3                              {
1479   4                                      //printf("a");
1480   4                                      XBYTE[REG_Usb_TransactionEn] |= 0x04;
1481   4                              }
1482   3                              else if ((G_ucCtrlPhase == K_InDataPhase) || (G_ucCtrlPhase == K_InResponsePhase))
1483   3                              {
1484   4                                      //printf("b");
1485   4                                      //XBYTE[REG_Usb_TransactionEn] &= 0xfb;  // Disable EP0 Out
1486   4                                      XBYTE[REG_Usb_TransactionEn] = 0x02;  // Enable Ep0 In
1487   4                              }
1488   3                              else if (G_ucCtrlPhase == K_OutResponsePhase)
1489   3                              {
1490   4                                      //printf("c");
1491   4                                      #if 0
                                              XBYTE[REG_Usb_TransactionEn] &= 0xfd;  // Disable EP0 Out
                                              XBYTE[REG_Usb_TransactionEn] |= 0x04;  // Enable Ep0 Out
                                              #else
1495   4                                      XBYTE[REG_Usb_TransactionEn] = 0x04;  // Enable Ep0 Out
1496   4                                      #endif
1497   4                              }
1498   3                              else if (G_ucCtrlPhase == K_CommandPhase)
1499   3                              {
1500   4                                      //printf("d");
1501   4                                      XBYTE[REG_Usb_TransactionEn] &= 0xf9;  // Disable EP0 IN/Out
1502   4                              if ( ((G_UIStatus & 0xff00) == K_UISTATUS_USBMODE_MASS)  //yichang@replace
1503   4                                              && (gUsbMode == K_UIOPTION_STORAGE_MSDC ||
1504   4                                              gUsbMode == K_UIOPTION_STORAGE_SIDC ) )
1505   4                                      {
1506   5                                              XBYTE[REG_Usb_TransactionEn] = 0x10;
1507   5                                      }
1508   4                              }
1509   3                              else {
1510   4                                      //printf("e");
1511   4                              if ( ((G_UIStatus & 0xff00) == K_UISTATUS_USBMODE_MASS)  //yichang@replace
1512   4                                      && (gUsbMode == K_UIOPTION_STORAGE_MSDC ||
1513   4                                      gUsbMode == K_UIOPTION_STORAGE_SIDC) )
1514   4                                      {
1515   5                                              XBYTE[REG_Usb_TransactionEn] |= 0x1e;
1516   5                                      }
1517   4                                      else
1518   4                                      {
1519   5                                              XBYTE[REG_Usb_TransactionEn] |= 0x06;
1520   5                                      }
1521   4                          }
1522   3                      }
1523   2      
1524   2                      if ( ((G_UIStatus & 0xff00) == K_UISTATUS_USBMODE_MASS)  //yichang@replace
1525   2                                      && (gUsbMode == K_UIOPTION_STORAGE_MSDC ||
1526   2                                      gUsbMode == K_UIOPTION_STORAGE_SIDC ) )
1527   2                      {
1528   3                              XBYTE[REG_Usb_EpAckIntEn] |= 0x1F;      //enable ACK interrupt of
C51 COMPILER V8.08   INTR                                                                  06/16/2022 10:11:55 PAGE 26  

1529   3                                                      //      EP0 Setup packet OK
1530   3                                                      //      EP0 Out packet OK
1531   3                                                      //      EP0 In packet OK
1532   3                              /* 20100802 shengkai added for USB EL-9 test */
1533   3                              XBYTE[REG_Usb_StdCmdIntEn] |= 0x20;
1534   3                      }
1535   2                      else {
1536   3                              XBYTE[REG_Usb_EpAckIntEn] |= 0x07;
1537   3                              /* 20100802 shengkai added for USB EL-9 test */
1538   3                              XBYTE[REG_Usb_StdCmdIntEn] |= 0x20;
1539   3                      }
1540   2      
1541   2                      if (G_btBulkIntr == 1)
1542   2                      {
1543   3                              //P1 = G_ucBulkPhase;
1544   3                              //printf("BP1=%bx\n",G_ucBulkPhase);
1545   3                          switch (G_ucBulkPhase)
1546   3                          {
1547   4                                  case K_CommandPhase:
1548   4                                  case K_OutDataPhase:
1549   4                              //case K_OutDataPhaseWrite:
1550   4                              case K_OutResponsePhase:
1551   4                                              XBYTE[REG_Usb_BufClr] = K_USB_CLASS_OUT_OPEN;
1552   4                                      XBYTE[REG_Usb_TransactionEn] = K_USB_CLASS_OUT_OPEN;    //0x06;   //ACK of
1553   4                                                                              //      Bulk Out packet
1554   4                                                                              //      Int In packet
1555   4                                  XBYTE[REG_Usb_EpAckIntEn] = 0x11;//0x06;   //enable ACK interrupt of
1556   4                                                                 //      Bulk Out packet OK
1557   4                                                                 //      Int In packet OK
1558   4                                      break;
1559   4      
1560   4                              case K_InDataPhase:
1561   4                                      //richie@mi 0409 mark
1562   4                              //case K_InDataPhaseRead:
1563   4                              case K_InResponsePhase:
1564   4                              case K_InCompletionPhase:
1565   4                                  XBYTE[REG_Usb_TransactionEn] = K_USB_CLASS_IN_OPEN;//0x05;   //ACK of
1566   4                                                                          //      Bulk In packet
1567   4                                                                      //      Int In packet
1568   4                                  XBYTE[REG_Usb_EpAckIntEn] = 0x08;//0x05;   //enable ACK interrupt of
1569   4                                                                 //      Bulk In packet OK
1570   4                                                                 //      Int In packet OK
1571   4                                      break;
1572   4      
1573   4                              case K_InDataPhaseRead:
1574   4                                  XBYTE[REG_Usb_TransactionEn] &= 0xf9;//0x05;   //ACK of
1575   4                                              break;
1576   4      
1577   4                              case K_OutDataPhaseWrite:
1578   4                                      break;
1579   4      
1580   4                              default:
1581   4                                  break;
1582   4                          }
1583   3                          G_btBulkIntr = 0;
1584   3                      }
1585   2              }
1586   1      #endif //TAG_TODO
1587   1              EX0 = 1;
1588   1      }
1589          
1590          #define XON  0x11
C51 COMPILER V8.08   INTR                                                                  06/16/2022 10:11:55 PAGE 27  

1591          #define XOFF 0x13
1592          void INTR_putUINT32(UINT32 val)
1593          {
1594   1              intrPutUint16((val)>>16);
1595   1              intrPutUint16((val)&0xffff);
1596   1      }
1597          /*
1598           * putchar (full version):  expands '\n' into CR LF and handles
1599           *                          XON/XOFF (Ctrl+S/Ctrl+Q) protocol
1600           */
1601          char INTR_putchar (char c)
1602          {
1603   1              if (c == '\n')  {
1604   2                      if (RI)  {
1605   3                              if (SBUF0 == XOFF)  {
1606   4                                      do  {
1607   5                                              RI = 0;
1608   5                                              while (!RI);
1609   5                                      } while (SBUF0 != XON);
1610   4                                      RI = 0;
1611   4                              }
1612   3                      }
1613   2                      while (!TI);
1614   2                      TI = 0;
1615   2                      SBUF0 = 0x0d;                         /* output CR  */
1616   2              }
1617   1              if (RI)  {
1618   2                      if (SBUF0 == XOFF)  {
1619   3                              do  {
1620   4                                      RI = 0;
1621   4                                      while (!RI);
1622   4                              } while (SBUF0 != XON);
1623   3                              RI = 0;
1624   3                      }
1625   2              }
1626   1              while (!TI);
1627   1              TI = 0;
1628   1      
1629   1              return (SBUF0 = c);
1630   1      }
1631          
1632          #if 0 /* mark for 1628 FPGA */
              void
              INTR_SensorExposureGain(
                      void
              )
              {
                      static UINT8 shutter=0;
              
              
                      #if 1
                      if((G_AEReady==1)&&(shutter==0)){
                              G_AESetting = 1;
                              //XBYTE[0x2030]|=0x01;
                              /*do shutter setting;*/
                              if(G_SHUTTER != PreShutter) {
                                      frontExposureTimeSet(0,G_SHUTTER,1,0);
                                      PreShutter=G_SHUTTER;
                              }
              
                              if(G_GainAfterExp == 0x01) {
                                      shutter=1;
C51 COMPILER V8.08   INTR                                                                  06/16/2022 10:11:55 PAGE 28  

                                      //XBYTE[0x2030]&=(~0x01);
                              }
                              else {
                                      if(PreGain != G_GAIN) {
                                              frontGainSet(0,G_GAIN,1,0);
                                              PreGain=G_GAIN;
                                      };
              
                                      shutter=0;
                                      G_AESetting = 0;
                              }
                              G_AEReady=0;
                      }
                      else if(shutter==1) {
                              //XBYTE[0x2030]|=0x01;
                              /*do gain setting;*/
                              if((XBYTE[0x2AB8] & 0x08) == 0) {
                                      if(PreGain != G_GAIN) {
                                              frontGainSet(0,G_GAIN,1,0);
                                              PreGain=G_GAIN;
                                      };
                                      shutter=0;
                                      G_AESetting = 0;
                              }
                              else {
                                      G_3ACount = 0;
                              };
                              //XBYTE[0x2030]&=(~0x01);
                      }
                      #endif
              }
              #endif
1685          /*
1686           * putchar (full version):  expands '\n' into CR LF and handles
1687           *                          XON/XOFF (Ctrl+S/Ctrl+Q) protocol
1688           */
1689          
1690          /*kai++2009.02.26*/
1691           #ifdef  UART_FUNC
              char putchar (char c)
              {
                      /*to do track UART enable flag+++*/
                      if ( (Uartmode !=UART_MODE_DEBUG) &&
                              ((Uartmode !=UART_MODE_COMMUNICATE) || (UartSendEnable !=1)) )
              
                              return c;
                      /*to do track UART enable flag----*/
                      else {
                              if (c == '\n')  {
                                      if (RI)  {
                                              if (SBUF0 == XOFF)  {
                                                      do  {
                                                              RI = 0;
                                                              while (!RI);
                                                      } while (SBUF0 != XON);
                                                      RI = 0;
                                              }
                                      }
                                      while (!TI);
                                      TI = 0;
                                      SBUF0 = 0x0d;                         /* output CR  */
                              }
C51 COMPILER V8.08   INTR                                                                  06/16/2022 10:11:55 PAGE 29  

                              if (RI)  {
                                      if (SBUF0 == XOFF)  {
                                              do  {
                                                      RI = 0;
                                                      while (!RI);
                                              } while (SBUF0 != XON);
                                              RI = 0;
                                      }
                              }
                              while (!TI);
                              TI = 0;
              
                              return (SBUF0 = c);
                      }
              }
               #endif
1731          
1732          /**
1733          * @fn      void INTR_PvZoom(void)
1734          * @brief                 INTR stillview zoom flow
1735          * @param         NONE
1736          * @retval  NONE
1737          * @todo
1738          * @author  LinJieCheng
1739          * @since         2010-10-07
1740          */
1741          void
1742          INTR_PvZoom(
1743                  void
1744          )
1745          {
1746   1              UINT8 ZfStatus;
1747   1      
1748   1              ZfStatus = HAL_IntrDramZUpdateWait(HAL_DRAM_ZUPDATE_PV);
1749   1      
1750   1              if (ZfStatus == FAIL) {
1751   2                      return;
1752   2              }
1753   1              else {
1754   2      
1755   2                      if (pvZoomNBCtrl.zoomAction != 0) {
1756   3      
1757   3                              INTR_ZoomZfRegSet(0);
1758   3      
1759   3                              #if 0
                                      INTR_ZoomClampSet();
                                      #endif
1762   3      
1763   3                              HAL_IntrDramZUpdateClear(0x30); /* clear CDSP/DISP zf flag */
1764   3      
1765   3                              //if ((XBYTE[0x27B1]&0x08) == 0x08) {
1766   3                              //  zfTgSkipFrameCnt++;
1767   3                              //}
1768   3      
1769   3                              HAL_IntrDramZfUpdTrig(HAL_DRAM_ZF_UPD_LAYER_PV);
1770   3      
1771   3                              intrSmoothZoomCtrl.zoomFactUpdate = INTR_SMOOTH_ZOOM_MACHINE_STATUS_W_REG_FINISH;
1772   3      
1773   3                              /* set next trigger time need wait frame number */
1774   3                              if (intrSmoothZoomCtrl.zoomRealTimeUpdate == 1) {
1775   4                                      intrSmoothZoomCtrl.zoomFrameCnt = 1;
1776   4                                      intrSmoothZoomCtrl.zoomRealTimeUpdate = 0;
C51 COMPILER V8.08   INTR                                                                  06/16/2022 10:11:55 PAGE 30  

1777   4                              }
1778   3                              else {
1779   4                                      intrSmoothZoomCtrl.zoomFrameCnt = intrSmoothZoomCtrl.zoomFrameUpdateInterval;
1780   4                              }
1781   3      
1782   3                              //osMsgPost(SP1K_MSG_DZOOM_OSD_UPDATE);
1783   3                              if ( FALSE == osMsgIntrSeek(SP1K_MSG_DZOOM_OSD_UPDATE) ) {
1784   4                              osMsgPost(SP1K_MSG_DZOOM_OSD_UPDATE);
1785   4                       }
1786   3                      }
1787   2                      else {
1788   3                      }
1789   2      
1790   2              }
1791   1      }
1792          
1793          /**
1794          * @fn    void INTR_VideoZoom(void)
1795          * @brief         Smooth Zoom Zf Reg Set
1796          * @param         NONE
1797          * @retval    NONE
1798          * @todo    NONE
1799          * @author    LinJieCheng
1800          * @since         2007-12-18
1801          */
1802          void
1803          INTR_VideoZoom (
1804          void
1805          )
1806          {
1807   1              UINT8 ZfStatus;
1808   1              UINT8 videoIdle;
1809   1      
1810   1      
1811   1              videoIdle = IntrvideoRecStatusGet();
1812   1      
1813   1              /* wait for zf done and write new factors to registers then*/
1814   1              if ( videoIdle != VID_REC_IDLE ) {
1815   2                      ZfStatus = HAL_IntrDramZUpdateWait(HAL_DRAM_ZUPDATE_VIDEO);
1816   2              }
1817   1              else {
1818   2                      ZfStatus = HAL_IntrDramZUpdateWait(HAL_DRAM_ZUPDATE_PV);
1819   2              }
1820   1      
1821   1              if ( ZfStatus == FAIL ) {
1822   2                      return;
1823   2              }
1824   1              else {
1825   2      
1826   2                      if (VideoZoomNBCtrl.zoomAction != 0) {
1827   3      
1828   3                              INTR_ZoomZfRegSet(1);
1829   3      
1830   3                              #if 0
                                      INTR_ZoomClampSet();
                                      #endif
1833   3      
1834   3      
1835   3                              if(videoIdle != VID_REC_IDLE){
1836   4                                      HAL_IntrDramZUpdateClear(0xb0); /* clear CDSP/DISP/MJPG zf flag */
1837   4                              }
1838   3                              else{
C51 COMPILER V8.08   INTR                                                                  06/16/2022 10:11:55 PAGE 31  

1839   4                                      HAL_IntrDramZUpdateClear(0x30); /* clear CDSP/DISP zf flag */
1840   4                              }
1841   3      
1842   3                              //if ((XBYTE[0x27B1]&0x08) == 0x08) {
1843   3                              //  zfTgSkipFrameCnt++;
1844   3                              //}
1845   3      
1846   3                              HAL_IntrDramZfUpdTrig(HAL_DRAM_ZF_UPD_LAYER_PV);
1847   3      
1848   3                              intrSmoothZoomCtrl.zoomFactUpdate = INTR_SMOOTH_ZOOM_MACHINE_STATUS_W_REG_FINISH;
1849   3      
1850   3                              /* set next trigger time need wait frame number */
1851   3                              if (intrSmoothZoomCtrl.zoomRealTimeUpdate == 1) {
1852   4                                      intrSmoothZoomCtrl.zoomFrameCnt = 1;
1853   4                                      intrSmoothZoomCtrl.zoomRealTimeUpdate = 0;
1854   4                              }
1855   3                              else {
1856   4                                      intrSmoothZoomCtrl.zoomFrameCnt = intrSmoothZoomCtrl.zoomFrameUpdateInterval;
1857   4                              }
1858   3                              if ( FALSE == osMsgIntrSeek(SP1K_MSG_DZOOM_OSD_UPDATE) ) {
1859   4                              osMsgPost(SP1K_MSG_DZOOM_OSD_UPDATE);
1860   4                       }
1861   3                      }
1862   2                      else {
1863   3                      }
1864   2      
1865   2              }
1866   1      }
1867          
1868          /**
1869          * @fn    void INTR_HQDZoomFrontGateDisableSet(void)
1870          * @brief         HQ Smooth Zoom front gating disable Set
1871          * @param         NONE
1872          * @retval    NONE
1873          * @todo    NONE
1874          * @author    LinJieCheng
1875          * @since         2007-12-18
1876          */
1877          void
1878          INTR_HQDZoomFrontGateDisableSet(
1879          void
1880          )
1881          {
1882   1              SINT16 paraAry;
1883   1      
1884   1              paraAry = 0;
1885   1              HAL_IntrFrontParaFrontToCdspGatingEnableSet(&paraAry,1);
1886   1      }
1887          
1888          /**
1889          * @fn    void INTR_ZoomUpdateSet(void)
1890          * @brief         Smooth Zoom Update Set
1891          * @param         NONE
1892          * @retval    NONE
1893          * @todo    NONE
1894          * @author    LinJieCheng
1895          * @since         2007-12-18
1896          */
1897          void
1898          INTR_ZoomUpdateSet(
1899                  void
1900          )
C51 COMPILER V8.08   INTR                                                                  06/16/2022 10:11:55 PAGE 32  

1901          {
1902   1      
1903   1              UINT8 CurrState;
1904   1      
1905   1              CurrState = osSysModeGet();
1906   1      
1907   1              switch( CurrState ) {
1908   2                      case OS_SYS_MODE_STILL_PV:
1909   2                              INTR_PvZoom();
1910   2                              break;
1911   2                      case OS_SYS_MODE_VIDEO_PV:
1912   2                      case OS_SYS_MODE_VIDEO_REC:
1913   2                              INTR_VideoZoom();
1914   2                              break;
1915   2              }
1916   1      
1917   1      }
1918          
1919          /**
1920          * @fn           void INTR_ZoomZfRegSet(UINT8 videoMode)
1921          * @brief   Smooth Zoom Zf Reg Set
1922          * @param   [in]videoMode :
1923          *                                                0:still preview
1924          *                                                1:video preview
1925          * @retval         NONE
1926          * @todo   NONE
1927          * @author         LinJieCheng
1928          * @since   2007-12-18
1929          */
1930          void
1931          INTR_ZoomZfRegSet(
1932                  UINT8 videoMode
1933          )
1934          {
1935   1              UINT16 xdata* pRegIdx;
1936   1              UINT8 xdata* pRegVal;
1937   1              UINT32 offSet;
1938   1              UINT16 offSet_16,msgGrp;
1939   1              SINT16 idx;
1940   1              UINT8 QueueEntries;
1941   1              extern UINT8 dzoomBuf[];
1942   1              msgGrp = ((videoMode) ? ZOOM_CTRL_TYPE_VIDEO : ZOOM_CTRL_TYPE_STILL);
1943   1      
1944   1              INTR_zoomSmoothQueueEntriesGet(msgGrp, &QueueEntries);
1945   1      
1946   1              //intrPutChar('\n');
1947   1              //intrPutUint8(QueueEntries);
1948   1      
1949   1              if (QueueEntries != 0) {
1950   2      
1951   2                      zoomSmoothQueueAccept(msgGrp, &offSet_16);
1952   2      
1953   2                      //intrPutChar('-');
1954   2                      //intrPutChar('>');
1955   2                      //intrPutUint16(offSet_16);
1956   2      
1957   2                      offSet = offSet_16;
1958   2      
1959   2                      pRegIdx = (UINT16*)&dzoomBuf[0];
1960   2                      pRegVal = &dzoomBuf[intrSmoothZoomCtrl.zoomRegSize + offSet];
1961   2      
1962   2                      switch (msgGrp) {
C51 COMPILER V8.08   INTR                                                                  06/16/2022 10:11:55 PAGE 33  

1963   3                              case ZOOM_CTRL_TYPE_STILL:
1964   3                                      while(1) {
1965   4                                              if (*pRegIdx == 0xffff) {
1966   5                                                      break;
1967   5                                              }
1968   4                                              else if ( *pRegIdx == REG_Cdsp_Clamphsize_low ) {
1969   5                                                      XBYTE[*pRegIdx] = *pRegVal;
1970   5                                                      XBYTE[REG_Cdsp_3Dsnapsubwidth_low] = *pRegVal;
1971   5                                                      WRITEP8(&intrSmoothZoomCtrl.zoomClampH,1,*pRegVal);
1972   5                                              }
1973   4                                              else if ( *pRegIdx == REG_Cdsp_Clamphsize_high) {
1974   5                                                      XBYTE[*pRegIdx] = *pRegVal;
1975   5                                                      XBYTE[REG_Cdsp_3Dsnapsubwidth_high] = *pRegVal;
1976   5                                                      WRITEP8(&intrSmoothZoomCtrl.zoomClampH,0,*pRegVal);
1977   5                                              }
1978   4                                              else if ( *pRegIdx == REG_Cdsp_Clampvsize_low ) {
1979   5                                                      XBYTE[*pRegIdx] = *pRegVal;
1980   5                                                      WRITEP8(&intrSmoothZoomCtrl.zoomClampV,1,*pRegVal);
1981   5                                              }
1982   4                                              else if ( *pRegIdx == REG_Cdsp_Clampvsize_high ) {
1983   5                                                      XBYTE[*pRegIdx] = *pRegVal;
1984   5                                                      WRITEP8(&intrSmoothZoomCtrl.zoomClampV,0,*pRegVal);
1985   5                                              }
1986   4                                              else {
1987   5                                                      //printf("0x%x=0x%bx\n",*pRegIdx,*pRegVal);
1988   5                                                      XBYTE[*pRegIdx] = *pRegVal;
1989   5                                              }
1990   4      
1991   4                                              pRegIdx++;
1992   4                                              pRegVal++;
1993   4                                      }
1994   3      
1995   3                                      switch (pvZoomNBCtrl.zoomAction) {
1996   4                                              default:
1997   4                                                      //INTR_ASSERT(0,0);
1998   4                                                      break;
1999   4                                              case 1://dzoom in
2000   4                                                      idx = pvZoomNBCtrl.curLog + pvZoomNBCtrl.logStep;
2001   4                                                      if ( idx <= pvZoomNBCtrl.maxLog ) {
2002   5                                                              pvZoomNBCtrl.curLog = (UINT16)idx;
2003   5                                                      }
2004   4                                                      else {
2005   5                                                              pvZoomNBCtrl.curLog = pvZoomNBCtrl.maxLog;
2006   5                                                      }
2007   4                                                      break;
2008   4                                              case 2://dzoom out
2009   4                                                      idx = pvZoomNBCtrl.curLog - pvZoomNBCtrl.logStep;
2010   4      
2011   4                                                      if ( idx >= pvZoomNBCtrl.minLog ) {
2012   5                                                              pvZoomNBCtrl.curLog = (UINT16)idx;
2013   5                                                      }
2014   4                                                      else {
2015   5                                                              pvZoomNBCtrl.curLog = pvZoomNBCtrl.minLog;
2016   5                                                      }
2017   4                                                      break;
2018   4                                      }
2019   3      
2020   3                                      /* HQ Dzoom sensor mode switch front2cdsp gating enable */
2021   3                                      if (pvZoomNBCtrl.hQDzoomStep != 0) {
2022   4                                              if (((pvZoomNBCtrl.curLog >= pvZoomNBCtrl.hQDzoomStep) && (pvZoomNBCtrl.hQDzoomStatus == 0)) ||
2023   4                                                      ((pvZoomNBCtrl.curLog < pvZoomNBCtrl.hQDzoomStep) && (pvZoomNBCtrl.hQDzoomStatus == 1))){
2024   5                                                      pvZoomNBCtrl.hQDzoomStatus ^= 0x01;
C51 COMPILER V8.08   INTR                                                                  06/16/2022 10:11:55 PAGE 34  

2025   5                                                      frontIntrPreviewSensorZoomModeSet(frontIntrDevActGet(),((pvZoomNBCtrl.hQDzoomStatus)?pvZoomNBCtrl.hQ
             -DzoomFct:100));
2026   5                                                      intrSmoothZoomCtrl.frontGateDisable = INTR_SMOOTH_SENSOR_ZOOM_FLOW_START;
2027   5                                              }
2028   4                                      }
2029   3                                      break;
2030   3                              case ZOOM_CTRL_TYPE_VIDEO:
2031   3                                      while(1) {
2032   4                                              if (*pRegIdx == 0xffff) {
2033   5                                                      break;
2034   5                                              }
2035   4                                              else if ( *pRegIdx == REG_Cdsp_Clamphsize_low ) {
2036   5                                                      XBYTE[*pRegIdx] = *pRegVal;
2037   5                                                      XBYTE[REG_Cdsp_3Dsnapsubwidth_low] = *pRegVal;
2038   5                                                      WRITEP8(&intrSmoothZoomCtrl.zoomClampH,1,*pRegVal);
2039   5                                              }
2040   4                                              else if ( *pRegIdx == REG_Cdsp_Clamphsize_high) {
2041   5                                                      XBYTE[*pRegIdx] = *pRegVal;
2042   5                                                      XBYTE[REG_Cdsp_3Dsnapsubwidth_high] = *pRegVal;
2043   5                                                      WRITEP8(&intrSmoothZoomCtrl.zoomClampH,0,*pRegVal);
2044   5                                              }
2045   4                                              else if ( *pRegIdx == REG_Cdsp_Clampvsize_low ) {
2046   5                                                      XBYTE[*pRegIdx] = *pRegVal;
2047   5                                                      WRITEP8(&intrSmoothZoomCtrl.zoomClampV,1,*pRegVal);
2048   5                                              }
2049   4                                              else if ( *pRegIdx == REG_Cdsp_Clampvsize_high ) {
2050   5                                                      XBYTE[*pRegIdx] = *pRegVal;
2051   5                                                      WRITEP8(&intrSmoothZoomCtrl.zoomClampV,0,*pRegVal);
2052   5                                              }
2053   4                                              else {
2054   5                                                      //printf("0x%x=0x%bx\n",*pRegIdx,*pRegVal);
2055   5                                                      XBYTE[*pRegIdx] = *pRegVal;
2056   5                                              }
2057   4      
2058   4                                              pRegIdx++;
2059   4                                              pRegVal++;
2060   4                                      }
2061   3      
2062   3                                      switch (VideoZoomNBCtrl.zoomAction) {
2063   4                                              default:
2064   4                                                      //INTR_ASSERT(0,0);
2065   4                                                      break;
2066   4                                              case 1://dzoom in
2067   4                                                      idx = VideoZoomNBCtrl.curLog + VideoZoomNBCtrl.logStep;
2068   4                                                      if ( idx <= VideoZoomNBCtrl.maxLog ) {
2069   5                                                              VideoZoomNBCtrl.curLog = (UINT16)idx;
2070   5                                                      }
2071   4                                                      else {
2072   5                                                              VideoZoomNBCtrl.curLog = VideoZoomNBCtrl.maxLog;
2073   5                                                      }
2074   4                                                      break;
2075   4                                              case 2://dzoom out
2076   4                                                      idx = VideoZoomNBCtrl.curLog - VideoZoomNBCtrl.logStep;
2077   4      
2078   4                                                      if ( idx >= VideoZoomNBCtrl.minLog ) {
2079   5                                                              VideoZoomNBCtrl.curLog = (UINT16)idx;
2080   5                                                      }
2081   4                                                      else {
2082   5                                                              VideoZoomNBCtrl.curLog = VideoZoomNBCtrl.minLog;
2083   5                                                      }
2084   4                                                      break;
2085   4                                      }
C51 COMPILER V8.08   INTR                                                                  06/16/2022 10:11:55 PAGE 35  

2086   3      
2087   3                                      /* HQ Dzoom sensor mode switch front2cdsp gating enable */
2088   3                                      if (VideoZoomNBCtrl.hQDzoomStep != 0) {
2089   4                                              if (((VideoZoomNBCtrl.curLog >= VideoZoomNBCtrl.hQDzoomStep) && (VideoZoomNBCtrl.hQDzoomStatus == 0))
             - ||
2090   4                                                      ((VideoZoomNBCtrl.curLog < VideoZoomNBCtrl.hQDzoomStep) && (VideoZoomNBCtrl.hQDzoomStatus == 1))){
2091   5                                                      VideoZoomNBCtrl.hQDzoomStatus ^= 0x01;
2092   5                                                      frontIntrPreviewSensorZoomModeSet(frontIntrDevActGet(),((VideoZoomNBCtrl.hQDzoomStatus)?VideoZoomNBC
             -trl.hQDzoomFct:100));
2093   5                                                      intrSmoothZoomCtrl.frontGateDisable = INTR_SMOOTH_SENSOR_ZOOM_FLOW_START;
2094   5                                              }
2095   4                                      }
2096   3                                      break;
2097   3                      }
2098   2              }
2099   1      
2100   1              //intrPutChar('\n');
2101   1      
2102   1      }
2103          
2104          /**
2105          * @fn           void INTR_SmoothZoomStopCheck(void)
2106          * @brief   Smooth Zoom Stop Check
2107          * @param   NONE
2108          * @retval         NONE
2109          * @todo   NONE
2110          * @author         LinJieCheng
2111          * @since   2007-12-18
2112          */
2113          void
2114          INTR_SmoothZoomStopCheck(
2115                  void
2116          )
2117          {
2118   1              UINT8 CurrState,msgGrp,QueNum;
2119   1      
2120   1              /* check seek msg */
2121   1              if ( intrSmoothZoomCtrl.zoomSmoothEn == INTR_SMOOTH_ZOOM_CTRL_STATUS_ENABLE ) {
2122   2      
2123   2                      CurrState = osSysModeGet();
2124   2      
2125   2                      switch( CurrState ) {
2126   3                              case OS_SYS_MODE_STILL_PV:
2127   3                                      msgGrp = ZOOM_CTRL_TYPE_STILL;
2128   3                                      break;
2129   3                              case OS_SYS_MODE_VIDEO_PV:
2130   3                              case OS_SYS_MODE_VIDEO_REC:
2131   3                                      msgGrp = ZOOM_CTRL_TYPE_VIDEO;
2132   3                                      break;
2133   3                      }
2134   2      
2135   2                      INTR_zoomSmoothQueueEntriesGet(msgGrp, &QueNum);
2136   2      
2137   2                      if ( intrSmoothZoomCtrl.zoomReleaseKeySts == INTR_SMOOTH_ZOOM_RELEASE_KEY ) {
2138   3                              //intrPutChar('#');
2139   3                              if (intrSmoothZoomCtrl.zoomFactUpdate == INTR_SMOOTH_ZOOM_MACHINE_STATUS_STOP) {
2140   4                                      intrSmoothZoomCtrl.zoomSmoothEn = INTR_SMOOTH_ZOOM_CTRL_STATUS_DISABLE;
2141   4                                      intrSmoothZoomCtrl.zoomReleaseKeySts = INTR_SMOOTH_ZOOM_NOT_RELEASE_KEY;
2142   4                                      //intrPutChar('@');
2143   4                              }
2144   3                      }
2145   2                      else {
C51 COMPILER V8.08   INTR                                                                  06/16/2022 10:11:55 PAGE 36  

2146   3                              if ((intrSmoothZoomCtrl.zoomFactUpdate == INTR_SMOOTH_ZOOM_MACHINE_STATUS_STOP) && (QueNum != 0)) {
2147   4                                      intrSmoothZoomCtrl.zoomFactUpdate = INTR_SMOOTH_ZOOM_MACHINE_STATUS_START;
2148   4                                      //intrPutChar('$');
2149   4                              }
2150   3                      }
2151   2              }
2152   1              else {
2153   2      
2154   2                      if (intrSmoothZoomCtrl.zoom3AUpdateDlyFrame != 0) {
2155   3                              intrSmoothZoomCtrl.zoom3AUpdateDlyFrame--;
2156   3                              if (intrSmoothZoomCtrl.zoom3AUpdateDlyFrame == 0) {
2157   4      
2158   4                                      CurrState = osSysModeGet();
2159   4      
2160   4                                      switch( CurrState ) {
2161   5                                              case OS_SYS_MODE_STILL_PV:
2162   5                                                      pvZoomNBCtrl.zoomAction = 0;
2163   5                                                      break;
2164   5                                              case OS_SYS_MODE_VIDEO_PV:
2165   5                                              case OS_SYS_MODE_VIDEO_REC:
2166   5                                                      pvZoomNBCtrl.zoomAction = 0;
2167   5                                                      break;
2168   5                                      }
2169   4                                      //osMsgFlush(MSG_CTRL_FLUSH_ALL);
2170   4                                      if ( FALSE == osMsgIntrSeek(SP1K_MSG_DZOOM_OSD_UPDATE) ) {
2171   5                                      osMsgPost(SP1K_MSG_DZOOM_OSD_UPDATE);
2172   5                               }
2173   4                                      //osMsgPost(SP1K_MSG_DZOOM_OSD_UPDATE);
2174   4                                      //osMsgPostForce(SP1K_MSG_DZOOM_3A_UPDATE);
2175   4                                      osMsgPost(SP1K_MSG_DZOOM_3A_UPDATE);
2176   4                              }
2177   3                      }
2178   2              }
2179   1      }
2180          


MODULE INFORMATION:   STATIC OVERLAYABLE
   CODE SIZE        =   4643    ----
   CONSTANT SIZE    =   ----    ----
   XDATA SIZE       =     19      41
   PDATA SIZE       =   ----    ----
   DATA SIZE        =   ----    ----
   IDATA SIZE       =   ----    ----
   BIT SIZE         =      2    ----
   EDATA SIZE       =   ----    ----
   HDATA SIZE       =   ----    ----
   XDATA CONST SIZE =   ----    ----
   FAR CONST SIZE   =   ----    ----
END OF MODULE INFORMATION.


C51 COMPILATION COMPLETE.  1 WARNING(S),  0 ERROR(S)
