C51 COMPILER V8.08   PB_DECODE                                                             12/31/2019 16:15:22 PAGE 1   


C51 COMPILER V8.08, COMPILATION OF MODULE PB_DECODE
OBJECT MODULE PLACED IN .\obj\pb_decode.obj
COMPILER INVOKED BY: e:\Keil\C51\BIN\C51.EXE pb_decode.c LARGE OMF2 OPTIMIZE(9,SIZE) NOAREGS INCDIR(..\..\..\inc;..\..\.
                    -.\inc\os;..\..\..\inc\hal;..\..\..\inc\middleware;..\..\..\inc\sp1k;..\..\..\..\host\inc\app;..\..\..\..\host\inc\custom
                    -ization) DEFINE(LIB_RELEASE) PRINT(.\obj\pb_decode.lst) OBJECT(.\obj\pb_decode.obj)

line level    source

   1          /**************************************************************************
   2           *                 Copyright(c) 2010 by i-Catch Technology Co., Ltd.                      *
   3           *                                                                                                                                                *
   4           *      This software is copyrighted by and is the property of i-Catch Tech-  *
   5           *      nology Co., Ltd. All rights are reserved by i-Catch Technology Co.,   *
   6           *      Ltd. This software may only be used in accordance with the                        *
   7           *      corresponding license agreement. Any unauthorized use, duplication,   *
   8           *      distribution, or disclosure of this software is expressly forbidden.  *
   9           *                                                                                                                                                *
  10           *      This Copyright notice "M U S T" not be removed or modified without        *
  11           *      prior written consent of i-Catch Technology Co., Ltd.                             *
  12           *                                                                                                                                                *
  13           *      i-Catch Technology Co., Ltd. reserves the right to modify this            *
  14           *      software without notice.                                                                                          *
  15           *                                                                                                                                                *
  16           *      i-Catch Technology Co., Ltd.                                                                              *
  17           *      19-1, Innovation First Road, Science-Based Industrial Park,               *
  18           *      Hsin-Chu, Taiwan, R.O.C.                                                                                          *
  19           *                                                                                                                                                *
  20           *************************************************************************/
  21           
  22          /**
  23           * @file          pb_decode.c
  24           * @brief         still picture play back base function
  25           * @author        Tq.zhang
  26           * @since         2010-05-06
  27           * @date          2010-05-06
  28          */
  29          /**************************************************************************
  30           *                                                H E A D E R   F I L E S
  31           **************************************************************************/
  32          #include "general.h"
  33          #include "initio.h"
  34          #include "pb_general.h"
  35          #include "pb_api.h"
  36          //#include "dosusr.h"
  37          //#include "exifhdr.h"
  38          #include "exiffunc.h"
  39          #include "exifvar.h"
  40          #include "doslink.h"
  41          #include "cardlink.h"
  42          #include "disp_api.h"
  43          #include "sp1k_snap_api.h"
  44          #include "pb_debug.h"
  45          #include "os_msg.h"
  46          #include "hal_jpeg.h"
  47          #include "hal_disp.h"
  48          //wangjg++
  49          #include "sdramhw.h"
  50          #include "hal.h"
  51          #include "hal_dram.h"
  52          #include "hal_gprm.h"
  53          #include "hal_global.h"
C51 COMPILER V8.08   PB_DECODE                                                             12/31/2019 16:15:22 PAGE 2   

  54          #include "snap_qtable.h"
  55          #include "vfs_api.h"
  56          #include "dcf_api.h"
  57          #include "gprm.h"
  58          #include "utility.h"
  59          #include "os_api.h"
  60          #include "video_debug.h"
  61          #include "Sp1k_pb_api.h"   //rhy++
  62          #include "reg_def.h"
  63          
  64          #include "exif_def.h"
  65          #include "exif_entry.h"
  66          //#include "dbg_mem.h"
  67          /**************************************************************************
  68           *                                                       C O N S T A N T S                                                        *
  69           **************************************************************************/
  70           
  71          /**************************************************************************
  72           *                                                              M A C R O S                                                       *
  73           **************************************************************************/
  74          #if (!STILL_LIB_PB_DMY)
  75          #define PB_FILL_BLACK           1
  76          #define PB_REAL_ROTATION_SUPPORT 0
  77          /*
  78          #if 0
  79          #define PB_CHECK_ABORT()        if(osMsgSeek(SP1K_MSG_KEY_PRESS_LEFT) ||osMsgSeek(SP1K_MSG_KEY_PRESS_RIGHT)) {\
  80                                                                          return FAIL;\
  81                                                                  }
  82          #else
  83          #define PB_CHECK_ABORT()
  84          #endif
  85          */
  86          #if 0
              #define debug_prt       printf
              #define debug_prt
              #endif
  90          
  91          /**************************************************************************
  92           *                                                      D A T A    T Y P E S                                              *
  93           **************************************************************************/
  94          //wang ++ 20081016
  95          RECT16 g_pb_rec_RotOut;
  96          
  97          /**************************************************************************
  98           *                                                 G L O B A L    D A T A                                                 *
  99           **************************************************************************/
 100          UINT8 xdata imgScaleFac;
 101          
 102          static UINT8 xdata pbDispBuf = PB_DISP_BUF_A;
 103          static UINT16 xdata pbDecodeW = PB_DECODE_WIDTH;
 104          static UINT16 xdata pbDecodeH = PB_DECODE_HEIGHT;
 105          static UINT8 xdata pbDispBufMode = PB_DISP_BUF_MODE_INIT;
 106          static UINT16 xdata pbDispQVW = PB_DECODE_WIDTH;
 107          static UINT16 xdata pbDispQVH = PB_DECODE_HEIGHT;
 108          /**************************************************************************
 109           *                                 E X T E R N A L        R E F E R E N C E S                             *
 110           **************************************************************************/
 111          //tq ++
 112          extern UINT32 videoPbReadDword(UINT32 dramAddr);
 113          
 114          //wang++
 115          extern xdata UINT8 exifFillRotOpt;
C51 COMPILER V8.08   PB_DECODE                                                             12/31/2019 16:15:22 PAGE 3   

 116          //wang--
 117          //extern UINT8 xdata NeedReadMoreHeader;
 118          extern xdata UINT8 exifVlcAtOdd;
 119          extern xdata UINT8 exifQvVlcAtOdd;
 120          extern xdata UINT8 exifThbVlcAtOdd;
 121          //xian ++ 20080602
 122          extern xdata UINT32 exifQvYTblAddr;
 123          extern xdata UINT32 exifQvUVTblAddr;
 124          //xian --
 125          extern xdata UINT8 exifAppN;
 126          extern xdata UINT16 G_JpgRstMcuNum;
 127          
 128          //xian ++ 20080926
 129          extern PBFile_t xdata MediaInfo;
 130          extern UINT32 aviFileLength;
 131          extern xdata UINT8 isStdHufTab;
 132          
 133          //xian ++ 20121010
 134          extern UINT16 exifMainXSize;
 135          extern UINT16 exifMainYSize;
 136          
 137          //xian -- 20110214
 138          //SY add for HD play on HDMI s
 139          //UINT16 decW_HDMI=320;
 140          //UINT16 decH_HDMI=240;
 141          //SY add for HD play on HDMI e
 142          static UINT8 (*pbDecodeAbort)();  //rhy++ 
 143          /**************************************************************************
 144           *                               F U N C T I O N        D E C L A R A T I O N S                           *
 145           **************************************************************************/
 146          /**
 147           * @fn           UINT8 PbCheckAbort( UINT8 ImgType)
 148           * @brief                 Pb Abort
 149           * @param         [in] ImagType : [0]:MainImage
 150                                                         [1]:Thumbnail
 151                                                         [2]:QV
 152           * @retval        return = SUCCESS /FALSE
 153           * @see           NULL
 154           * @author        hy.ren
 155           * @since         2010-01-25
 156           * @todo          N/A
 157           * @bug           N/A
 158          */
 159          
 160          UINT8
 161          pbCheckAbort( 
 162                  UINT8 imgType,
 163                  UINT16 line
 164          )
 165          {
 166   1              if((imgType != 0) || (!exifAppN)){
 167   2                      return FALSE;     //if qv & thumbnail , not abort
 168   2              }
 169   1      
 170   1              if((*pbDecodeAbort)() == FALSE){
 171   2                      return FALSE;   
 172   2              }
 173   1              else{
 174   2                      printf("abort Line=%u\n",line);
 175   2                      return TRUE;
 176   2              }
 177   1      }
C51 COMPILER V8.08   PB_DECODE                                                             12/31/2019 16:15:22 PAGE 4   

 178          
 179          void
 180          pbCallbackReg(
 181                  UINT32 id,
 182                  void *pfunct
 183          )
 184          {
 185   1              if( id == SP1K_PB_CALLBACK_ABORT) {
 186   2                      pbDecodeAbort = pfunct;
 187   2              }
 188   1      }
 189          
 190          
 191          UINT8 
 192          pbJpgDecodeSizeFit(
 193                  UINT32 vlcAddr,
 194                  UINT32 vlcSize,
 195                  UINT16 imgW,
 196                  UINT16 imgH,
 197                  UINT32 dstAddr,
 198                  UINT16 dstW,
 199                  UINT16 dstH,
 200                  UINT8 fillBlack
 201          );
 202          void pbDramDWordGet(UINT32 AddrWord,UINT32 AddrOff,UINT32 * DataDWord,UINT8 RstAddrEn,UINT8 order);
 203          //=============================================================================
 204          //Program
 205          //=============================================================================
 206          
 207          //-----------------------------------------------------------------------------
 208          //pbImgDecode
 209          //-----------------------------------------------------------------------------
 210          /**
 211           * @fn            UINT8 pbImgDecode(PBFile_t* pFile, UINT32 DecAddrWord, UINT8 DecOpt)
 212           * @brief         single picture image decode
 213           * @param         [in] pFile : file information
 214           * @param         [in] DecAddrWord : decode destination word address
 215           * @param         [in] DecOpt : [0]:QVGA
 216           *                                              [1]:Thumbnail 
 217           *                                              [2] Full
 218           * @retval        return = SUCCESS / FAIL
 219           * @see           NULL
 220           * @author        Tq.Zhang
 221           * @since         2010-5-6
 222           * @todo          N/A
 223           * @bug           N/A
 224          */
 225          UINT8 pbImgDecode(PBFile_t* pFile, UINT32 decAddrWord, UINT8 decOpt) USING_0
 226          {
 227   1              UINT8 sts = TRUE;
 228   1              UINT16 fHandle = TRUE;
 229   1              UINT32 decSize = 0;
 230   1              UINT8 bShowThumb = 0;
 231   1              UINT16 decWidth = PB_DECODE_WIDTH;
 232   1              UINT16 decHeight = PB_DECODE_HEIGHT;
 233   1              UINT32 srcAddr;
 234   1              UINT32 dramEndAddr = K_SDRAM_TotalSize - 257UL;//512 Bytes reserved for DMA, 2 Bytes for odd file size
 235   1              UINT16 i;
 236   1              UINT32 filesize;
 237   1              UINT8 isQvShow = 1;
 238   1              UINT16 exifRot;
 239   1              
C51 COMPILER V8.08   PB_DECODE                                                             12/31/2019 16:15:22 PAGE 5   

 240   1              ExifImage_t mainImage;
 241   1              ExifImage_t qvImage;
 242   1              ExifImage_t thumbImage;
 243   1      
 244   1              if(pFile == NULL || decAddrWord > dramEndAddr) {
 245   2                      return FAIL;
 246   2              }
 247   1      
 248   1              fHandle =  vfsFileOpen(pFile->FileName, K_DOS_ReadFile, pFile->FileStartCluster);
 249   1              if (!fHandle) {
 250   2                      DBG_pbFuncTrack();
 251   2                      return FAIL;
 252   2              }
 253   1      
 254   1              filesize = vfsFileSizeGet(fHandle);
 255   1              if (decOpt & PB_DECODE_OPT_FULL) {
 256   2                      decSize = filesize;
 257   2              } 
 258   1              else{
 259   2                      if (decOpt & PB_DECODE_OPT_THUMB) {
 260   3                              bShowThumb = 0;
 261   3                      }
 262   2                      
 263   2                      decSize = (UINT32)64*1024;
 264   2                      if(decSize > filesize){
 265   3                              decSize = filesize;
 266   3                      }
 267   2              }
 268   1              if ((decSize >> 1) > (dramEndAddr - decAddrWord)) {
 269   2                      vfsFileClose(fHandle, pFile->FileName, K_DOS_ReadFile, 0);
 270   2                      DBG_pbFuncTrack();
 271   2                      return FAIL;
 272   2              }
 273   1              
 274   1              srcAddr = dramEndAddr - (decSize >> 1);
 275   1              pbDecodeSizeSet(decWidth, decHeight);
 276   1              sts = vfsFileRead(fHandle, K_DOS_DstDram, decSize, srcAddr, 0);
 277   1      
 278   1              if (sts != TRUE) {
 279   2                      vfsFileClose(fHandle, pFile->FileName, K_DOS_ReadFile, 0);
 280   2                      DBG_pbFuncTrack();
 281   2                      return FAIL;
 282   2              }
 283   1              sts = exifParserStart(exifGetMainInfo,&mainImage,srcAddr,decSize);
 284   1              exifRot = (UINT32)mainImage.orientation;
 285   1              if((mainImage.width==3648)||(mainImage.width==1920)){
 286   2                      isQvShow = 0;
 287   2                      exifAppN = 0;
 288   2              }
 289   1              
 290   1              /*Check if read enough header*/
 291   1              if (exifAppN && (sts == FALSE) && ((decSize<filesize) || (bShowThumb)) && (dispDevActGet() !=4)) {       // fo
             -r 320x240 JPG
 292   2                  srcAddr = dramEndAddr - ((filesize >> 1)>> 1);
 293   2                      sts = vfsFileRead(fHandle,K_DOS_DstDram,(filesize >> 1),srcAddr,0);      //Extract only 1/2 of the whole fil
             -e
 294   2      
 295   2                      if(sts){
 296   3                              sts = exifParserStart(exifGetQVInfo,&qvImage,srcAddr,filesize >> 1);
 297   3                      }
 298   2                      
 299   2              }
C51 COMPILER V8.08   PB_DECODE                                                             12/31/2019 16:15:22 PAGE 6   

 300   1              else if(((!exifAppN || !isQvShow) && decSize < filesize)){//xian ++ fix 28019
 301   2                      srcAddr = dramEndAddr - (filesize>> 1);
 302   2                      if(srcAddr <= decAddrWord){
 303   3                              vfsFileClose(fHandle,  pFile->FileName, K_DOS_ReadFile, 0);
 304   3                              DBG_pbFuncTrack();
 305   3                              return FAIL;
 306   3                      }
 307   2                      sts = vfsFileRead(fHandle,K_DOS_DstDram,filesize,srcAddr,0);
 308   2                      if (sts) {                      
 309   3                              sts = exifParserStart(exifGetThumbInfo,&thumbImage,srcAddr,filesize);
 310   3                              sts = exifParserStart(exifGetMainInfo, &mainImage, srcAddr, filesize);
 311   3                      }
 312   2              }
 313   1      
 314   1              vfsFileClose(fHandle,  pFile->FileName, K_DOS_ReadFile, 0);
 315   1              if (sts != TRUE) {
 316   2                      DBG_pbFuncTrack();
 317   2                      return FAIL;
 318   2              }
 319   1      
 320   1              pFile->MediaWidth = mainImage.width;
 321   1              pFile->MediaHeight = mainImage.height;
 322   1      
 323   1              pbLogPrintf("w is %u, h is %u \n", mainImage.width, mainImage.height);
 324   1              pbLogPrintf("w is %u, h is %u \n", thumbImage.width, thumbImage.height);
 325   1      
 326   1              //xian ++ 20080603
 327   1              pbLogPrintf("exifRotOpt = %ld\n", exifRot);
 328   1              pbParamSet(PB_PARAM_EXIF_ORIENT, (UINT16)mainImage.orientation);
 329   1              pbLogPrintf("decOpt=%bu, %bu\n", decOpt, exifAppN);
 330   1      
 331   1              sts = SUCCESS;
 332   1              
 333   1              if ((decOpt & PB_DECODE_OPT_QVGA) && exifAppN && isQvShow ) {
 334   2                      UINT8 xdata qTable[128];
 335   2                      sts = exifParserStart(exifGetQVInfo,&qvImage,srcAddr,filesize);
 336   2                      qvImage.dataType = mainImage.dataType;
 337   2                      
 338   2                      SDRAM_CardSetStartAddress( exifQvYTblAddr, TRUE );
 339   2                      if (exifQvVlcAtOdd){
 340   3                              UINT8 dummy;
 341   3                              M_DRAM_ReadWord(dummy, qTable[0]);
 342   3                              for (i = 1; i < 127; i += 2){
 343   4                                      M_DRAM_ReadWord(qTable[i], qTable[i+1]);
 344   4                              }
 345   3                              M_DRAM_ReadWord(qTable[127], dummy);
 346   3                      }else{
 347   3                              for (i = 0; i < 128; i += 2){
 348   4                                      M_DRAM_ReadWord(qTable[i], qTable[i+1]);
 349   4                              }
 350   3                      }
 351   2                      jpegQTableSet(0, qTable, (UINT8*)(qTable+64), 1);
 352   2                      sts = pbImgDeCmp(&qvImage, decAddrWord, 2);
 353   2              } 
 354   1              else {  
 355   2                      if (decOpt & PB_DECODE_OPT_THUMB) {
 356   3                              sts = pbImgDeCmp(&thumbImage, decAddrWord, 1);
 357   3                      }
 358   2      
 359   2                      pbDispDevW_H_Get(&decWidth,&decHeight,mainImage.width,mainImage.height);
 360   2                      if(decWidth > 960){
 361   3                              decWidth = decWidth>>1;
C51 COMPILER V8.08   PB_DECODE                                                             12/31/2019 16:15:22 PAGE 7   

 362   3                              decHeight = decHeight>>1;
 363   3                      }
 364   2                      pbDecodeSizeSet(decWidth, decHeight); 
 365   2                      sts = pbImgDeCmp(&mainImage, decAddrWord, 0);
 366   2              }
 367   1              HAL_GlobalCamModeSet(CAM_MODE_IDLE);
 368   1      
 369   1              return sts;
 370   1      }
 371          
 372          /**
 373           * @fn            UINT8 pbImgDeCmp(Exif_Decompress_Parameter* ImagePara, UINT32 DecAddrWord, UINT8 ImgType)
 374           * @brief         still image decompress
 375           * @param         [in] ImagePara : main image parameters
 376           * @param         [in] DecAddrWord : decode destination word address
 377           * @param         [in] ImgType : '0' for Main, '1' for Thumbnail, '2' for QVGA
 378           * @retval        return = SUCCESS / FAIL
 379           * @see           NULL
 380           * @author        Tq.Zhang
 381           * @since         2010-5-6
 382           * @todo          N/A
 383           * @bug           N/A
 384          */
 385          UINT8 pbImgDeCmp(ExifImage_t *ImagePara, UINT32 decAddrWord, UINT8 imgType) USING_0
 386          {
 387   1              UINT16 decWidth;
 388   1              UINT16 decHeight;
 389   1              UINT8 rotMode;
 390   1              Pb_Dec_Parameter decPara;
 391   1      
 392   1              pbDecodeSizeGet(&decWidth, &decHeight);
 393   1              rotMode = pbDecRotModeGet();    
 394   1              pbLogPrintf("rotMode=%bu\n", rotMode);   
 395   1              
 396   1              decPara.DecBuff = decAddrWord;
 397   1              decPara.RotMode = rotMode;
 398   1              decPara.DecW = decWidth;
 399   1              decPara.DecH = decHeight;
 400   1              decPara.ImgType = imgType;
 401   1      
 402   1              if((rotMode & 4) && decWidth == 320){
 403   2                      decPara.DecW = 320;
 404   2                      decPara.DecH = 240;     
 405   2              }
 406   1      
 407   1              return pbImgDeCmpRot(ImagePara, &decPara, 0);
 408   1      }
 409          #endif
 410          /**
 411           * @fn            UINT32 pbDispBuffSwitch(void)
 412           * @brief         switch display buffer flag, and return current active display buffer word address
 413           * @param         NONE
 414           * @retval        return = SUCCESS / FAIL
 415           * @see           NULL
 416           * @author        Tq.Zhang
 417           * @since         2010-5-6
 418           * @todo          N/A
 419           * @bug           N/A
 420          */
 421          #if (STILL_LIB_PB_DMY)
              UINT32 pbDispBuffSwitch(void) USING_0
              {
C51 COMPILER V8.08   PB_DECODE                                                             12/31/2019 16:15:22 PAGE 8   

                      return 0;
              }
              #else
 427          UINT32 pbDispBuffSwitch(void) USING_0
 428          {
 429   1              pbDispBuf = !pbDispBuf;
 430   1      
 431   1              pbDispBufMode = PB_DISP_BUF_MODE_AB; //xian ++
 432   1      
 433   1              return pbDispBuffGet(1);
 434   1      }
 435          #endif
 436          /**
 437           * @fn            UINT32 pbDispBuffGet(UINT8 opt)
 438           * @brief         get display buffer address
 439           * @param         [in] opt: '0' get inactive address, '1' get active address
 440           * @retval        return = SUCCESS / FAIL
 441           * @see           NULL
 442           * @author        Tq.Zhang
 443           * @since         2010-5-6
 444           * @todo          N/A
 445           * @bug           N/A
 446          */
 447          #if (STILL_LIB_PB_DMY)
              UINT32 pbDispBuffGet(UINT8 opt) USING_0
              {
                      opt=opt;
                      return K_SDRAM_ImagePlaybackDisplayBufAddr;
              }
              #else
 454          UINT32 pbDispBuffGet(UINT8 opt) USING_0
 455          {
 456   1              if (opt) {//Active buffer
 457   2                      if (pbDispBuf == PB_DISP_BUF_A) {
 458   3                              return K_SDRAM_ImagePlaybackDisplayBufAddr;
 459   3                      } else { //pbDispBuf == PB_DISP_BUF_B
 460   3                              return (K_SDRAM_ImagePlaybackDisplayBufAddr + SP1K_PB_DISP_BUF_SIZE_B);
 461   3                      }
 462   2              } else {//inactive buffer
 463   2                      if (pbDispBuf == PB_DISP_BUF_A) {
 464   3                              return (K_SDRAM_ImagePlaybackDisplayBufAddr + SP1K_PB_DISP_BUF_SIZE_B);
 465   3                      } else { //pbDispBuf == PB_DISP_BUF_B
 466   3                              return K_SDRAM_ImagePlaybackDisplayBufAddr;
 467   3                      }
 468   2              }
 469   1      }
 470          #endif
 471          /**
 472           * @fn            UINT32 pbFreeBuffGet(void)
 473           * @brief         get play back free buffer address
 474           * @param         NONE
 475           * @retval        return = SUCCESS / FAIL
 476           * @see           NULL
 477           * @author        Tq.Zhang
 478           * @since         2010-5-6
 479           * @todo          N/A
 480           * @bug           N/A
 481          */
 482          UINT32 pbFreeBuffGet(void) USING_0
 483          {
 484   1              return K_SDRAM_ImagePlaybackGeneralBufAddr;
 485   1      }
C51 COMPILER V8.08   PB_DECODE                                                             12/31/2019 16:15:22 PAGE 9   

 486          
 487          /**
 488           * @fn            void pbDecodeSizeGet(UINT16* Width, UINT16* Height)
 489           * @brief         get decode width and height (pixel)
 490           * @param         [in] Width :  pixel widht, pixel height
 491           * @param         [in] Height
 492           * @retval        NONE
 493           * @see           NULL
 494           * @author        Tq.Zhang
 495           * @since         2010-5-6
 496           * @todo          N/A
 497           * @bug           N/A
 498          */
 499          #if (STILL_LIB_PB_DMY)
              void pbDecodeSizeGet(UINT16* Width, UINT16* Height) USING_0
              {
                      *Width = 320;
                      *Height =240;
              }
              #else
 506          void pbDecodeSizeGet(UINT16* Width, UINT16* Height) USING_0
 507          {
 508   1              *Width = pbDecodeW;
 509   1              *Height = pbDecodeH;
 510   1      }
 511          #endif
 512          /**
 513           * @fn            void pbDecodeSizeSet(UINT16 Width, UINT16 Height)
 514           * @brief         set decode width and height (pixel)
 515           * @param         [in] Width : pixel width
 516           * @param         [in] Height : pixel height
 517           * @retval        NONE
 518           * @see           NULL
 519           * @author        Tq.Zhang
 520           * @since         2010-5-6
 521           * @todo          N/A
 522           * @bug           N/A
 523          */
 524          #if (STILL_LIB_PB_DMY)
              void pbDecodeSizeSet(UINT16 Width, UINT16 Height) USING_0
              {
                      Width = Width;
                      Height = Height;
              }
              #else
 531          void pbDecodeSizeSet(UINT16 Width, UINT16 Height) USING_0
 532          {
 533   1              pbDecodeW = Width;
 534   1              pbDecodeH = Height;
 535   1      }
 536          #endif
 537          
 538          #define PBMAX(x,y)  ((x)>(y)) ? (x) : (y)
 539          
 540          static UINT8 pbDecodeFactorGet(UINT32 bufSize,UINT16 srcWidth,UINT16 srcHeight,UINT16 dstWidh,UINT16 dstHe
             -ight,UINT8 opt)
 541          {       
 542   1              UINT16 tmpW,tmpH;
 543   1              UINT8 fac,i;
 544   1              UINT32 decBuf,tmpBuf,sclBuf,useBuf;
 545   1              UINT8 decFacTable[4] = {0x08,0x04,0x02,0x01};
 546   1      
C51 COMPILER V8.08   PB_DECODE                                                             12/31/2019 16:15:22 PAGE 10  

 547   1              for( i=0; i<4; i++ ) {
 548   2                      fac = decFacTable[i];
 549   2                      tmpW = ((srcWidth * (UINT16)fac) >> 3) ;
 550   2                      tmpH = ((srcHeight * (UINT16)fac) >> 3);
 551   2      
 552   2                      sclBuf = (UINT32)dstWidh *dstHeight;
 553   2                      tmpBuf = (UINT32)(PBMAX(tmpW,dstWidh))*(UINT32)(PBMAX(tmpH,dstHeight));
 554   2                      
 555   2                      if(opt || (tmpW%8) || (opt&&(tmpH%8))){
 556   3                              decBuf = (UINT32)tmpW * tmpH;
 557   3                              if(decBuf>sclBuf){
 558   4                                      decBuf = decBuf<<1;
 559   4                                      sclBuf = 0;
 560   4                              }
 561   3                              
 562   3                              useBuf = decBuf+sclBuf+tmpBuf;
 563   3                              if(useBuf> bufSize ){
 564   4                                      if(i == 3){
 565   5                                              return 0xFF;
 566   5                                      }
 567   4                                      continue;
 568   4                              }
 569   3                      }
 570   2                      else{
 571   3                              decBuf = (UINT32)tmpW * tmpH;
 572   3                      }
 573   2                      useBuf = decBuf+sclBuf+tmpBuf;
 574   2                      if(useBuf<bufSize){
 575   3                              break;
 576   3                      }
 577   2              }
 578   1              
 579   1              if( useBuf > bufSize) { 
 580   2                      printf("L%u\n", (UINT16)__LINE__);
 581   2                      return 0xFF;
 582   2              }
 583   1              
 584   1              if(fac == 8){
 585   2                      fac = 0;
 586   2              }
 587   1              //printf("fac=%bu\n",fac);
 588   1              return fac;
 589   1      }
 590          
 591          UINT8 pbImgDecParaGet( pbImageDecPara_t *decImage,UINT8 fillBlack)
 592          {
 593   1              UINT8 exifRotation;
 594   1              UINT8 realRotation;
 595   1              UINT8 xdata* pOddVlc;
 596   1              UINT32 endAddr;
 597   1              UINT32 dramEndAddr = K_SDRAM_TotalSize - 256UL;
 598   1              UINT16 decWidth,decHeight;
 599   1              UINT32 decBuf;
 600   1              //UINT8 ratX,ratY;
 601   1      
 602   1              //dispPnlAspectRatioGet(&ratX, &ratY);
 603   1              
 604   1              exifRotation = decImage->rotMode & 0x4;
 605   1              realRotation = (decImage->srcWidth < decImage->srcHeight ? 1:0);
 606   1      
 607   1              #if 0
                      /* 代码中保持4:3比例,通过display去fit */
C51 COMPILER V8.08   PB_DECODE                                                             12/31/2019 16:15:22 PAGE 11  

                      if((decImage->srcWidth *ratX != ratY*decImage->srcHeight)&&(decImage->srcWidth > decImage->srcHeight)){
                              decImage->fit = 0;
                      }
                      #endif
 613   1              
 614   1              decImage->srcWidth = (decImage->srcWidth + 15) &~15;
 615   1              
 616   1              /* get decode opt parameter */
 617   1              if (decImage->dataType == K_File_DataType_YUV420) {     
 618   2                      pbLogPrintf("420!\n");  
 619   2                      decImage->opt = 0x05;
 620   2                      if((decImage->srcWidth %16) || (decImage->srcWidth%16)){
 621   3                              //printf("file:%u,line:%u\n!\n",__FILE__,__LINE__);
 622   3                              return FAIL;
 623   3                      }
 624   2              } else if (decImage->dataType == K_File_DataType_YUV422) {      
 625   2                      pbLogPrintf("422!\n");
 626   2                      decImage->opt = 0x04;
 627   2              } else {
 628   2                      printf("YUV err\n");
 629   2                      return FAIL;
 630   2              }
 631   1              /* is standard huffman table */
 632   1              if(!isStdHufTab){
 633   2                      printf("file:%u,line:%u\n",__FILE__,__LINE__);
 634   2                      return FAIL;
 635   2              }
 636   1              
 637   1          /*get JPG decoder parameter */
 638   1              switch ( decImage->imgeType ){
 639   2                      case 2:
 640   2                              pOddVlc = &exifQvVlcAtOdd;
 641   2                      break;
 642   2                      case 1:
 643   2                              pOddVlc = &exifThbVlcAtOdd;
 644   2                      break;
 645   2                      default :
 646   2                              pOddVlc = &exifVlcAtOdd; // init pOddVlc by default
 647   2                      break;
 648   2              }
 649   1      
 650   1              if (*pOddVlc) { // check if decode vlc data is on odd address
 651   2                      *pOddVlc = 0;
 652   2                       decImage->opt |= 0x10;
 653   2              }
 654   1              
 655   1              if(pbCheckAbort( decImage->imgeType,__LINE__)){ 
 656   2                      return PBABORT;
 657   2              }
 658   1              
 659   1              /* get decode width and height parameter */
 660   1              if(exifRotation) { 
 661   2                      decWidth = decImage->dstHeight;
 662   2                      decHeight =decImage->dstWidth;           
 663   2      
 664   2                      decImage->decOriHeight = (UINT16)((UINT32)decImage->srcHeight * decWidth / (UINT32)decImage->srcWidth); 
             -//temp height if full widht
 665   2                      decImage->decOriWidth= (UINT16)((UINT32)decImage->srcWidth * decHeight / (UINT32)decImage->srcHeight); /
             -/temp width
 666   2                      pbLogPrintf("tmp: %u, %u\n", decImage.decOriWidth, decImage.decOriHeight);
 667   2                      
 668   2                      if(decImage->decOriWidth > decWidth){
C51 COMPILER V8.08   PB_DECODE                                                             12/31/2019 16:15:22 PAGE 12  

 669   3                              decImage->decOriWidth = decWidth;
 670   3                      }
 671   2                      else{
 672   3                              decImage->decOriHeight = decHeight;
 673   3                      }
 674   2      
 675   2                      decWidth = (decImage->decOriWidth + 7) &  ~7;                   
 676   2                      decHeight= (decImage->decOriHeight + 7) &  ~7;  //needed by rot
 677   2              }
 678   1              else if (decImage->rotMode){
 679   2                      decWidth = decImage->dstWidth;
 680   2                      decHeight = (decImage->dstHeight + 1) & ~1; //decHeight = (imgH + 7) & ~7;
 681   2              }
 682   1              else{
 683   2                      decWidth = decImage->dstWidth;
 684   2                      decHeight = decImage->dstHeight;
 685   2              }
 686   1      
 687   1              /* resolve real rotation,thumbnail distortion ... */
 688   1              if( realRotation && fillBlack ){ 
 689   2                      decImage->decOriWidth = (UINT16)((UINT32)decImage->srcWidth * decHeight / (UINT32)decImage->srcHeight);
 690   2                      decImage->decOriHeight = (UINT16)((UINT32)decImage->srcHeight * decWidth / (UINT32)decImage->srcWidth);
 691   2                      decImage->decOriWidth = decImage->decOriWidth &~7;
 692   2                      if(decImage->decOriHeight > decHeight){
 693   3                              decImage->decOriHeight = decHeight;
 694   3                      }
 695   2                      decWidth = decImage->decOriWidth;
 696   2                      decHeight = decImage->decOriWidth*decImage->srcHeight / decImage->srcWidth; //keep 4:5 
 697   2              }
 698   1      
 699   1              pbLogPrintf("src : %u, %u\n", decImage->srcWidth, decImage->srcHeight);
 700   1              pbLogPrintf("dec : %u, %u\n", decWidth, decHeight);
 701   1              pbLogPrintf("img : %u, %u\n", decImage->dstWidth, decImage->dstHeight);
 702   1      
 703   1              /*get decode fac */
 704   1              if(fillBlack){
 705   2                      decImage->fac = 0x08;    
 706   2                      if (decImage->srcWidth > decWidth) {
 707   3                              while (((decImage->srcWidth >> 3) * --decImage->fac) > decWidth);
 708   3                              if(decImage->fac== 0) {
 709   4                                      decImage->fac = 1;
 710   4                              }
 711   3                      } 
 712   2                      else{
 713   3                              decImage->fac = 0;
 714   3                      }
 715   2              }
 716   1              else{
 717   2                      decBuf= decImage->srcAddr -K_SDRAM_ImagePlaybackBufAddr;
 718   2                      decImage->fac =  pbDecodeFactorGet(decBuf,decImage->srcWidth,decImage->srcHeight,decImage->dstWidth,decI
             -mage->dstHeight,exifRotation);
 719   2                      if(decImage->fac == 0xFF){
 720   3                              return FAIL;
 721   3                      }
 722   2              }
 723   1              
 724   1              /* get decode dmyX & dmyY */
 725   1              do {
 726   2                      if (decImage->fac){
 727   3                              decImage->dmyX = (((decImage->srcWidth * (UINT16)decImage->fac) >> 3 ) & 7);
 728   3                              if (decImage->dmyX) {
 729   4                                      decImage->dmyX = 8 - decImage->dmyX;
C51 COMPILER V8.08   PB_DECODE                                                             12/31/2019 16:15:22 PAGE 13  

 730   4                              }
 731   3                              if( exifRotation ){ //exchange x, y need w,h 8 multiple
 732   4                                      decImage->dmyY = (((decImage->srcHeight *(UINT16)decImage->fac) >> 3) & 7);
 733   4                                      if (decImage->dmyY) {
 734   5                                              decImage->dmyY = 8 - decImage->dmyY;
 735   5                                      }
 736   4                      decImage->decOriHeight = (((decImage->srcHeight * (UINT16)decImage->fac) >> 3) + 7) &~7;
 737   4                              }
 738   3                              else{
 739   4                                      decImage->dmyY = (((decImage->srcHeight * (UINT16)decImage->fac) >> 3) & 1);
 740   4                                      if (decImage->dmyY) {
 741   5                                              decImage->dmyY = 2 - decImage->dmyY;
 742   5                                      }
 743   4                                      decImage->decOriHeight = (((decImage->srcHeight * (UINT16)decImage->fac) >> 3) + 1) &~1;
 744   4                              }
 745   3                              decImage->scaleHeight= ((decImage->srcHeight * (UINT16)decImage->fac) >> 3) /*+ dmyY*/; //tq.zhang
 746   3                              decImage->decOriWidth = (((decImage->srcWidth * (UINT16)decImage->fac) >> 3) + 7) &~7;
 747   3                      }
 748   2                      else {
 749   3                              if (decImage->srcWidth & 7) {
 750   4                                      decImage->dmyX = 8 - (decImage->srcWidth & 7);
 751   4                              }
 752   3                              if(exifRotation){
 753   4                                      if (decImage->srcHeight& 7) {
 754   5                                              decImage->dmyY = 8 - (decImage->srcHeight& 7);
 755   5                                      }
 756   4                                      decImage->decOriHeight = (decImage->srcHeight + 7) &~7;
 757   4                              }
 758   3                              else if(decImage->srcHeight & 1){
 759   4                                      decImage->dmyY = 2 - (decImage->srcHeight & 1);
 760   4                                      decImage->decOriHeight = (decImage->srcHeight + 1) &~1;
 761   4                              }
 762   3                              else{
 763   4                                      decImage->decOriHeight = decImage->srcHeight;
 764   4                              }
 765   3                              decImage->decOriWidth = (decImage->srcWidth  + 7) &~7;
 766   3                              decImage->scaleHeight = decImage->srcHeight;  //tq.zhang
 767   3                      }
 768   2                      //printf("decAddr=%lx,w=%u,h=%u\n",decImage->decAddr,decImage->decOriWidth,decImage->decOriHeight);
 769   2                      if(realRotation ||decImage->dmyX ||decImage->dmyY){     
 770   3                              endAddr = decImage->decAddr + (UINT32)decImage->decOriWidth*decImage->decOriHeight*2+ 32768;
 771   3                              //printf("srcAddr=%lx,end=%lx\n", decImage->srcAddr,endAddr);
 772   3                      }
 773   2                      else{
 774   3                              endAddr = decImage->decAddr + (UINT32)decImage->decOriWidth*decImage->decOriHeight + 32768; 
 775   3                      }                  
 776   2                      pbLogPrintf("buf: 0x%lx, 0x%lx, 0x%lx\n", decImage.->decAddr, endAddr, decImage->srcAddr);
 777   2      
 778   2                      if(endAddr > decImage->srcAddr) {
 779   3                              if (decImage->fac>1){
 780   4                                      decImage->fac--;
 781   4                              }
 782   3                              else{
 783   4                                      printf("L:%u\n",__LINE__);
 784   4                                      //printf("L%u,Addr=%lx,srcAddr=%lx\n", (UINT16)__LINE__,endAddr,decImage->srcAddr);
 785   4                                      return FAIL;
 786   4                              }
 787   3                      }
 788   2              }while((decImage->fac>0) && (endAddr >decImage->srcAddr));
 789   1      
 790   1              pbLogPrintf("Fac=%bu\n", decImage->fac);
 791   1      
C51 COMPILER V8.08   PB_DECODE                                                             12/31/2019 16:15:22 PAGE 14  

 792   1              return SUCCESS;
 793   1      }
 794          
 795          /**
 796           * @fn            UINT8 pbImgDeCmpRot(Exif_Decompress_Parameter* ImagePara, Pb_Dec_Parameter* DecPara, UINT8 fillB
             -lack)
 797           * @brief         still image decompress with rotation
 798           * @param         [in] ImagePara : source image information
 799           * @param         [in] DecPara : destination decode information
 800           * @param         [in] fillBlack : keep required size and fill black if fillBlack is 1
 801           * @retval        return = SUCCESS / FAIL
 802           * @see           NULL
 803           * @author        Tq.Zhang
 804           * @since         2010-5-6
 805           * @todo          N/A
 806           * @bug           N/A
 807          */
 808          #if (!STILL_LIB_PB_DMY)
 809          UINT8 pbImgDeCmpRot(ExifImage_t* imagePara, Pb_Dec_Parameter* decPara, UINT8 fillBlack) USING_0
 810          {
 811   1              UINT8 ret = SUCCESS;
 812   1              UINT16 MCURstNo = 0;
 813   1              UINT16 curW,curH;
 814   1              UINT32 decAddr,centAddr, sclAddr, tmpAddr;
 815   1              UINT32 dramEndAddr = K_SDRAM_TotalSize - 256UL;
 816   1              UINT32 decBuff;
 817   1              //UINT8 exifRotation,realRotation;
 818   1              UINT8 chgXY;
 819   1              pbImageDecPara_t decImage;
 820   1      //      UINT32 tmp1,tmp2,dstAddr;
 821   1              UINT16 decWidth,decHeight;
 822   1      //      UINT16 sclW,sclH;
 823   1              UINT32 allocBuf;
 824   1              
 825   1              decImage.srcAddr = imagePara->addr;
 826   1              decImage.dstWidth = decPara->DecW;
 827   1              decImage.dstHeight = decPara->DecH;
 828   1              decImage.rotMode = decPara->RotMode;
 829   1              decImage.srcWidth = imagePara->width;
 830   1              decImage.srcHeight = imagePara->height;
 831   1              decImage.dataType = imagePara->dataType; 
 832   1              decImage.imgeType = decPara->ImgType;    //Main QV Thumbnail
 833   1              decImage.decAddr = decPara->DecBuff;
 834   1              decImage.dmyX = 0;
 835   1              decImage.dmyY = 0;
 836   1              #if 0
                      decImage.fit = 1;
                      #endif
 839   1              decBuff = decPara->DecBuff;
 840   1              centAddr = decBuff;
 841   1              //exifRotation = decImage.rotMode & 0x4;
 842   1              //realRotation = (decImage.srcWidth < decImage.srcHeight ? 1:0);
 843   1              curW = decImage.dstWidth;
 844   1              curH = decImage.dstHeight;
 845   1              
 846   1              if(!fillBlack){// fit cur size
 847   2                      chgXY = (decImage.srcWidth < decImage.srcHeight) ? 1 : 0; // dstSize default is 4:3 or 16:9
 848   2                      if(decImage.rotMode & 0x4){
 849   3                              chgXY = !chgXY;
 850   3                      }               
 851   2                      if(chgXY){
 852   3                              curW = decImage.dstHeight;
C51 COMPILER V8.08   PB_DECODE                                                             12/31/2019 16:15:22 PAGE 15  

 853   3                              curH= decImage.dstWidth;
 854   3                      }
 855   2              }
 856   1              
 857   1              ret = pbImgDecParaGet( &decImage,fillBlack);
 858   1              if( ret!= SUCCESS ){
 859   2                      return ret;
 860   2              }
 861   1              
 862   1              decWidth = decImage.decOriWidth;                //xian : decOriWidth is orientation width
 863   1              decHeight = decImage.decOriHeight;
 864   1              decPara->DecW = decImage.decOriWidth;
 865   1              decPara->DecH = decImage.decOriHeight;
 866   1      
 867   1              /* need move cent */
 868   1              if(decImage.dmyX || decImage.dmyY) {
 869   2                      decAddr = centAddr + (UINT32 )decImage.decOriWidth* decImage.decOriHeight;
 870   2                      if((decAddr +(UINT32)decImage.decOriWidth*decImage.decOriHeight) > dramEndAddr){
 871   3                              return FAIL;
 872   3                      }
 873   2                      gprmBlackFill(decBuff, decImage.decOriWidth, decImage.decOriHeight);
 874   2              }
 875   1              else{
 876   2                      decAddr = centAddr;
 877   2              }               
 878   1      
 879   1              //printf("src w=%u, h=%u,fac=%bu \n", decImage.srcWidth, decImage.srcHeight,decImage.fac);
 880   1              ret = HAL_JpegDecode(decImage.srcAddr, decImage.srcWidth, decImage.srcHeight, decAddr, decImage.fac, decI
             -mage.opt, G_JpgRstMcuNum);
 881   1              if(ret != SUCCESS ){//error happen
 882   2                      return FAIL;//tmp
 883   2              }
 884   1      
 885   1              decImage.srcWidth = decImage.decOriWidth;
 886   1              decImage.srcHeight = decImage.scaleHeight;       //keep the vsize
 887   1              
 888   1              pbLogPrintf("destination w is %u, h is %u \n", decWidth, decHeight);
 889   1              pbLogPrintf("dummy X is %u, Y is %u \n", decImage.dmyX, decImage.dmyY);
 890   1              pbLogPrintf("move center 0x%lx -> 0x%lx\n", decAddr, centAddr);
 891   1      
 892   1              if( decImage.dmyX || decImage.dmyY ){   
 893   2                      if(decImage.dmyX){
 894   3                              HAL_GprmCopy(
 895   3                                      decAddr,
 896   3                                      decImage.srcWidth, decImage.srcHeight, 0, 0,
 897   3                                      centAddr,
 898   3                                      decImage.srcWidth, decImage.srcHeight, ((decImage.dmyX + 1 >> 1) & ~0x01), ((decImage.dmyY + 1>> 1) & 
             -~0x01),  
 899   3                                      decImage.srcWidth - decImage.dmyX, decImage.srcHeight ,//decImage.srcHeight - decImage.dmyY,
 900   3                                      0,
 901   3                                      1
 902   3                              );
 903   3                      }
 904   2                      else{  // mantis #41854 
 905   3                              tmpAddr = centAddr + (UINT32 )decImage.dstWidth * decImage.dstHeight;
 906   3                              HAL_GprmScale(
 907   3                                      decAddr,
 908   3                                      decImage.srcWidth, decImage.srcHeight,
 909   3                                      centAddr,
 910   3                                      decImage.decOriWidth, decImage.decOriHeight,
 911   3                                      tmpAddr,
 912   3                                      1
C51 COMPILER V8.08   PB_DECODE                                                             12/31/2019 16:15:22 PAGE 16  

 913   3                              );
 914   3      
 915   3                              decImage.dmyY = 0; //xian ++ 20121010, dmy no use if scale
 916   3                      }
 917   2              }
 918   1              
 919   1              if(pbCheckAbort(decImage.imgeType,__LINE__)){   
 920   2                      return PBABORT;
 921   2              }
 922   1      
 923   1              /* rotation -> decAddr(decWidth, decHeight) */
 924   1              if(decImage.rotMode){
 925   2                      decAddr = decBuff + (UINT32)decImage.decOriWidth * decImage.decOriHeight; //decImage.decOriWidth and dec
             -Image.dstWidth are diff. xian 20110219 #42010
 926   2                      pbLogPrintf("dst w=%u,h=%u,ori w=%u,h=%u\n",decImage.dstWidth,decImage.dstHeight,decImage.decOriWidth,de
             -cImage.decOriHeight);
 927   2                      pbLogPrintf("rot %bu 0x%lx -> 0x%lx\n", decImage.rotMode, decBuff, decAddr);
 928   2                      
 929   2                      if(decAddr + (UINT32)decImage.decOriWidth * decImage.decOriHeight > dramEndAddr) {
 930   3                              printf("L%u\n", (UINT16)__LINE__);
 931   3                              return FAIL;
 932   3                      }
 933   2                      
 934   2                      HAL_GprmRot(
 935   2                              decImage.rotMode, 
 936   2                              centAddr,
 937   2                              decAddr, 
 938   2                              decImage.decOriWidth, decImage.decOriHeight, 
 939   2                              1
 940   2                      );
 941   2                      if( decImage.rotMode&0x4 ){
 942   3                              //decImage.dmyX = decImage.decOriWidth; 
 943   3                              decWidth = decImage.decOriHeight;
 944   3                              decHeight = decImage.decOriWidth; //decImage.dmyX;
 945   3                      }
 946   2                      else if (decImage.rotMode){
 947   3                              decWidth = decImage.decOriWidth;
 948   3                              decHeight = decImage.decOriHeight;
 949   3                      }
 950   2                      
 951   2                      pbLogPrintf("%u, %u, %u, %u\n", decImage.dstWidth, decImage.dstHeight, decWidth, decHeight);
 952   2                      if(pbCheckAbort(decImage.imgeType,__LINE__)){
 953   3                              return PBABORT;
 954   3                      }
 955   2                      
 956   2                      HAL_GprmCopy(
 957   2                              decAddr,
 958   2                              decWidth, decHeight, 0, 0,
 959   2                              decBuff,
 960   2                              decWidth, decHeight, 0, 0,      
 961   2                              decWidth, decHeight,
 962   2                              0,
 963   2                              1
 964   2                      );
 965   2                      
 966   2                      decPara->DecW =decWidth;    //xian : real width in buffer, may be exchanged with decOriHeight
 967   2                      decPara->DecH = decHeight;
 968   2              }
 969   1      
 970   1              allocBuf = (UINT32)decWidth * decHeight > (UINT32)curW*curH ? (UINT32)decWidth * decHeight :(UINT32)curW*
             -curH;
 971   1              sclAddr = (decBuff + allocBuf)& ~15;
C51 COMPILER V8.08   PB_DECODE                                                             12/31/2019 16:15:22 PAGE 17  

 972   1              tmpAddr = sclAddr + (UINT32)decImage.dstWidth * decImage.dstHeight;
 973   1              if((tmpAddr+(UINT32)(decWidth>curW?decWidth:curW)*(decHeight>curH?decHeight:curH))>dramEndAddr){
 974   2                      printf("L:%u\n",__LINE__);
 975   2                      return FAIL;
 976   2              }
 977   1              
 978   1              if(!decImage.imgeType && !fillBlack){
 979   2                      HAL_GprmScale(
 980   2                              decBuff,decWidth, decHeight,
 981   2                              sclAddr,curW,curH,
 982   2                              tmpAddr,
 983   2                              1
 984   2                      );
 985   2                      HAL_GprmDramDma(sclAddr<<1, decBuff<<1, (UINT32)curW*curH*2, 1);
 986   2              
 987   2                      decImage.dmyX = 0; //xian ++ 20121010, dmy no use if scale
 988   2                      decImage.dmyY = 0;
 989   2              }
 990   1                      
 991   1              /*for multi play...*/
 992   1              if( fillBlack ){// image at decBuff, decWidth, decHeight
 993   2                      decPara->DecW = curW;
 994   2                      decPara->DecH = curH;
 995   2                      decImage.dmyX = 0;
 996   2                      decImage.dmyY = 0;      
 997   2                      
 998   2                      if(decWidth != curW || decHeight != curH){                                              
 999   3                              UINT16 sclW, sclH;
1000   3                              sclW = curW;
1001   3                              sclH = curH;
1002   3                              if((UINT32)curW*decHeight < (UINT32)curH*decWidth){
1003   4                                      sclH = ((UINT32)curW * decHeight / decWidth) & ~1;
1004   4                              }
1005   3                              else {
1006   4                                      sclW = ((UINT32)curH * decWidth / decHeight) & ~7;
1007   4                              }
1008   3                              
1009   3                              HAL_GprmScale(
1010   3                                      decBuff,decWidth, decHeight,
1011   3                                      sclAddr,sclW,sclH,
1012   3                                      tmpAddr,
1013   3                                      1
1014   3                              );
1015   3                              
1016   3                              decImage.dmyX = ((curW - sclW) >> 1) & ~1;
1017   3                              decImage.dmyY = ((curH - sclH) >> 1) & ~1;
1018   3                              
1019   3                              gprmBlackFill(decBuff, curW, curH);
1020   3      
1021   3                              HAL_GprmCopy(
1022   3                                      sclAddr,
1023   3                                      sclW, sclH, 0, 0,
1024   3                                      decBuff,
1025   3                                      curW, curH, decImage.dmyX, decImage.dmyY,  
1026   3                                      sclW, sclH,
1027   3                                      0,
1028   3                                      1
1029   3                              );
1030   3                      }
1031   2                      #if 0 //xian --         
                              if(exifRotation || realRotation){  
                                      if(decImage.srcWidth < decImage.srcHeight){
C51 COMPILER V8.08   PB_DECODE                                                             12/31/2019 16:15:22 PAGE 18  

                                              decWidth =decImage.decOriWidth;
                                              decHeight = decImage.decOriHeight;
                                      }
                                      decImage.dmyX = ((decImage.dstWidth - decWidth) >> 1) & ~1;
                                      decImage.dmyY = ((decImage.dstHeight - decHeight) >> 1) & ~1;     
                                      pbLogPrintf("dmy: %u, %u\n", decImage.dmyX, decImage.dmyY);
                                      #if PB_REAL_ROTATION_SUPPORT            
                                      if(realRotation){
                                              tmpAddr = decBuff + (UINT32 )decImage.dstWidth * (UINT32)decImage.dstHeight;  
                                              HAL_GprmCopy(decAddr, decWidth, decHeight, 0, 0, tmpAddr, decWidth, decHeight, 0, 0,decWidth, decHeigh
             -t, 0, 1);
                                              decAddr = tmpAddr;
                                      }
                                      #endif
                                      gprmBlackFill(decBuff, decImage.dstWidth, decImage.dstHeight);
                                      if(pbCheckAbort(decImage.imgeType,__LINE__)){
                                              return PBABORT;
                                      }
                                      
                                      HAL_GprmCopy(
                                              decAddr,
                                              decWidth, decHeight, 0, 0,
                                              decBuff,
                                              decImage.dstWidth, decImage.dstHeight, decImage.dmyX, decImage.dmyY,  
                                              decWidth, decHeight,
                                              0,
                                              1
                                      );
                              }
                              else{
                                      //scale -> sclAddr(decWidth, decHeight)
                                      tmpAddr = decBuff + (UINT32 )decImage.dstWidth * (UINT32)decImage.dstHeight;  //80*64;
                                      sclAddr = dramEndAddr - (UINT32 )decImage.dstWidth * (UINT32)decImage.dstHeight;  //80*64;
                                      sclAddr = sclAddr & ~15;
                                      
                                      pbLogPrintf("scale 0x%lx -> 0x%lx\n", centAddr, sclAddr);       
                                      if(tmpAddr + (UINT32)decImage.dstWidth *decImage.dstHeight > sclAddr) {
                                              pbLogPrintf("L%u\n", (UINT16)__LINE__);
                                              return FAIL;
                                      }
                                      
                                      HAL_GprmScale(
                                              decBuff,
                                              decWidth,       decHeight,
                                              sclAddr,
                                              decImage.dstWidth,decImage.dstHeight,
                                              tmpAddr,
                                              1
                                      );
                                      pbLogPrintf("srcW=%u,srcH=%u,decImage.dstWidth=%u,decImage.dstHeight=%u\n",decImage.srcWidth,decImage.s
             -rcHeight,decImage.dstWidth,decImage.dstHeight);
                                      HAL_GprmCopy(
                                              sclAddr,
                                              decImage.dstWidth,decImage.dstHeight,0,0,
                                              decBuff,
                                              decImage.dstWidth,decImage.dstHeight,0,0,  
                                              decImage.dstWidth,decImage.dstHeight,
                                              0,
                                              1
                                      );
                                      
                                      decImage.dmyX = 0; //xian ++ 20121010, dmy no use if scale
C51 COMPILER V8.08   PB_DECODE                                                             12/31/2019 16:15:22 PAGE 19  

                                      decImage.dmyY = 0;
                              }
                              decPara->DecW = decImage.dstWidth;
                              decPara->DecH = decImage.dstHeight;
              
                              curW = decImage.dstWidth;
                              curH = decImage.dstHeight;
                              #endif
1102   2              }
1103   1              
1104   1              //wang ++ 20081016
1105   1              g_pb_rec_RotOut.hOff=decImage.dmyX>>1;
1106   1              g_pb_rec_RotOut.vOff=decImage.dmyY>>1;
1107   1              g_pb_rec_RotOut.hSize=curW - decImage.dmyX;
1108   1              g_pb_rec_RotOut.vSize=curH - decImage.dmyY;
1109   1      
1110   1              pbDecodeSizeSet(curW, curH);
1111   1              
1112   1              return SUCCESS;
1113   1      }
1114          
1115          
1116          //xian ++ 20080926
1117          /**
1118           * @fn            UINT8 pbVideoFrameDecode(UINT16 FileIndex, UINT16 decWidth, UINT16 decHeight, UINT32 freeBufAddr
             -)
1119           * @brief         decode video first frame
1120           * @param         [in] FileIndex : file index
1121           * @param         [in] decWidth : destination decode width
1122           * @param         [in] decHeight : destination decode height
1123           * @param         [in] freeBufAddr : free buffer for video decode
1124           * @retval        return = SUCCESS / FAIL
1125           * @see           NULL
1126           * @author        Tq.Zhang
1127           * @since         2010-5-6
1128           * @todo          N/A
1129           * @bug           N/A
1130          */
1131          UINT8 pbVideoFrameDecode(UINT16 FileIndex, UINT16 decWidth, UINT16 decHeight, UINT32 freeBufAddrWord, UINT
             -8 fillBlack)
1132          {
1133   1              UINT16 i;
1134   1              UINT32 backAddr = freeBufAddrWord;
1135   1              UINT32 dramEndAddr = K_SDRAM_TotalSize - 256UL;
1136   1              UINT32 vlcAddr;
1137   1              UINT8 sts ;
1138   1              UINT16 fHandle;
1139   1              UINT8 QTable[128];
1140   1              UINT8 tmp2, tmp3,tmp4,tmp5;
1141   1       
1142   1              UINT16 VideoWidth;
1143   1              UINT16 VideoHeight;
1144   1      
1145   1              UINT32 AviHdrSize;
1146   1              UINT32 scale,rate,frame;
1147   1              UINT32 frameSize;
1148   1              UINT8 decOpt = 0x04;
1149   1              PBFile_t* pFileInfo = &MediaInfo;
1150   1      
1151   1              UINT16 dmyX = 0;
1152   1              UINT16 dmyY = 0;
1153   1              UINT16 yuvType;
C51 COMPILER V8.08   PB_DECODE                                                             12/31/2019 16:15:22 PAGE 20  

1154   1              //UINT32 dispAddr;
1155   1              UINT32 addr;
1156   1              sts = FALSE;
1157   1      
1158   1      
1159   1              //For Multi-Frame Play Back
1160   1              if ((pbFileInfoGet(FileIndex, pFileInfo) != SUCCESS) /*|| (FileInfo.FileType != K_PLAYBACK_TYPE_JPG)*/) {
1161   2                      DBG_pbFuncTrack();
1162   2                      return FAIL;
1163   2              }
1164   1      
1165   1              //For Multi-Frame Play Back
1166   1              fHandle = vfsFileOpen(pFileInfo->FileName, K_DOS_ReadFile, pFileInfo->FileStartCluster);
1167   1              //printf("name:%s\n",FileInfo.FileName );
1168   1      
1169   1              if (!fHandle) {
1170   2                      // printf("Cannot open AVI file\n");
1171   2                      vfsFileClose(fHandle, pFileInfo->FileName, K_DOS_ReadFile, 0);
1172   2                      return FAIL;
1173   2              }
1174   1      
1175   1              sts = vfsFileRead(fHandle, K_DOS_DstDram, 512, backAddr, 0);
1176   1      
1177   1              if (!sts) {
1178   2                      // DbgPrint("Cannot read AVI header\n");
1179   2                      vfsFileClose(fHandle, pFileInfo->FileName, K_DOS_ReadFile, 0);
1180   2                      return FAIL;
1181   2              }
1182   1      
1183   1              for(    i=0; i< 512/4;i++) {
1184   2                      HAL_DramStartAddrSet(backAddr + (i*4)/2 , 1);
1185   2                      HAL_DramWordDataRead(&tmp2, &tmp3);
1186   2                      HAL_DramWordDataRead(&tmp4, &tmp5);
1187   2                      if(((tmp2 == 'A')&&(tmp3 == 'V')&&(tmp4 == 'I')&&(tmp5 == 0x20))) {
1188   3                              sts = SUCCESS;
1189   3                              pbDramDWordGet(backAddr, (UINT32)((i+2)<<1), &AviHdrSize, 1, 1);
1190   3                              AviHdrSize += 20;
1191   3                              break;
1192   3                      } 
1193   2              }
1194   1              if(sts!=SUCCESS){
1195   2                      sts = FAIL;
1196   2                      vfsFileClose(fHandle, pFileInfo->FileName, K_DOS_ReadFile, 0);
1197   2                      return sts;
1198   2              }
1199   1              sts = FAIL;
1200   1      
1201   1              for(    i=0; i< 512/4;i++) {
1202   2                      HAL_DramStartAddrSet(backAddr + (i*4)/2 , 1);
1203   2                      HAL_DramWordDataRead(&tmp2, &tmp3);
1204   2                      HAL_DramWordDataRead(&tmp4, &tmp5);
1205   2                      if(((tmp2 == 'v')&&(tmp3 == 'i')&&(tmp4 == 'd')&&(tmp5 == 's'))) {
1206   3                              sts = SUCCESS;
1207   3                              i+=5;
1208   3                              pbDramDWordGet(backAddr, (UINT32)((i)<<1), &scale, 1, 1);
1209   3                              i+=1;
1210   3                              pbDramDWordGet(backAddr, (UINT32)((i)<<1), &rate, 1, 1);
1211   3                              i+=2;
1212   3                              pbDramDWordGet(backAddr, (UINT32)((i)<<1), &frame, 1, 1);
1213   3                              rate = rate/scale;
1214   3                              rate = 1000/rate;//msperFrame
1215   3                              frame = frame * rate;//total time
C51 COMPILER V8.08   PB_DECODE                                                             12/31/2019 16:15:22 PAGE 21  

1216   3                              aviFileLength = frame;
1217   3                              break;
1218   3                      }
1219   2              } 
1220   1              if(sts!=SUCCESS){
1221   2                      sts = FAIL;
1222   2                      vfsFileClose(fHandle, pFileInfo->FileName, K_DOS_ReadFile, 0);
1223   2                      return sts;
1224   2              }
1225   1              sts = FAIL;
1226   1              for(    i=0; i< 512/4;i++) {
1227   2                      HAL_DramStartAddrSet(backAddr + (i*4)/2 , 1);
1228   2                      HAL_DramWordDataRead(&tmp2, &tmp3);
1229   2                      HAL_DramWordDataRead(&tmp4, &tmp5);
1230   2                      if(((tmp2 == 'a')&&(tmp3 == 'v')&&(tmp4 == 'i')&&(tmp5 == 'h'))) {
1231   3                              UINT32 tmpW,tmpH;
1232   3                              sts = SUCCESS;
1233   3                              pbDramDWordGet(backAddr, (UINT32)((i+10)<<1), &tmpW, 1, 1);
1234   3                              pbDramDWordGet(backAddr, (UINT32)((i+10)<<1), &tmpH, 0, 1);
1235   3                              VideoWidth = (UINT16)tmpW;
1236   3                              VideoHeight = (UINT16)tmpH;
1237   3                              /*#if  JPG_1080P
1238   3                              if(VideoHeight==1080){
1239   3                                      VideoHeight=1088;
1240   3                              }
1241   3                              #endif*/
1242   3                              //printf("VidWidth:%u\n",VideoWidth);
1243   3                              //printf("VidHeight:%u\n",VideoHeight);
1244   3                              break;
1245   3                      } 
1246   2              } 
1247   1              
1248   1      #if (VIDEO_FRAME_DEBUG_LEVEL>0)
1249   1                      if (1){
1250   2                      UINT32 TotalFrame,DropFrame,VlcDropFrame,KBPerSecSpeed,MaxQ,MinQ,DumyIdx,Drop12Num;
1251   2                      //vfsFileRead(fHandle, K_DOS_DstDram, 1024, backAddr, 0);
1252   2                      for(i=78; i< 512/4;i++) {
1253   3                                      HAL_DramStartAddrSet(backAddr + (i*4)/2 , 1);
1254   3                                      HAL_DramWordDataRead(&tmp2, &tmp3);
1255   3                                      HAL_DramWordDataRead(&tmp4, &tmp5);
1256   3                                      //printf("%bx, %bx, %bx, %bx\n",tmp2,tmp3,tmp4,tmp5);
1257   3                                      if(((tmp2 == 'J')&&(tmp3 == 'U')&&(tmp4 == 'N')&&(tmp5 == 'K'))) {
1258   4                                              sts = SUCCESS;
1259   4                                              i+=2;
1260   4                                              pbDramDWordGet(backAddr, (UINT32)((i)<<1), &TotalFrame, 1, 1);
1261   4                                              //i+=1;
1262   4                                              pbDramDWordGet(backAddr, (UINT32)((i)<<1), &DropFrame, 0, 1);
1263   4                                              //i+=1;
1264   4                                              pbDramDWordGet(backAddr, (UINT32)((i)<<1), &VlcDropFrame, 0, 1);
1265   4                                              //i+=1;
1266   4                                              pbDramDWordGet(backAddr, (UINT32)((i)<<1), &KBPerSecSpeed, 0, 1);
1267   4                                              //i+=1;
1268   4                                              pbDramDWordGet(backAddr, (UINT32)((i)<<1), &MaxQ, 0, 1);
1269   4                                              //i+=1;
1270   4                                              pbDramDWordGet(backAddr, (UINT32)((i)<<1), &MinQ, 0, 1);
1271   4                                              //i+=1;
1272   4                                              pbDramDWordGet(backAddr, (UINT32)((i)<<1), &DumyIdx, 0, 1);
1273   4                                              //i+=1;
1274   4                                              pbDramDWordGet(backAddr, (UINT32)((i)<<1), &Drop12Num, 0, 1);
1275   4                                              /*printf("TotalFrame:%ld\n",TotalFrame);
1276   4                                              printf("DropFrame:%ld\n",DropFrame);
1277   4                                              printf("VlcDropFrame:%ld\n",VlcDropFrame);
C51 COMPILER V8.08   PB_DECODE                                                             12/31/2019 16:15:22 PAGE 22  

1278   4                                              printf("KBPerSec: %ldKB/s\n",KBPerSecSpeed);
1279   4                                              printf("Q Max:%ld\n",MaxQ);
1280   4                                              printf("Q Min:%ld\n",MinQ);
1281   4                                              printf("DumyIdx:%ld\n",DumyIdx);
1282   4                                              printf("Drop12Num:%ld\n",Drop12Num);*/
1283   4                                              break;
1284   4                                      }
1285   3                              } 
1286   2                      }
1287   1      #endif
1288   1              if(sts!=SUCCESS){
1289   2                      //printf("--%d__NO AVI File\n",(UINT16)__LINE__);
1290   2                      sts = FAIL;
1291   2                      vfsFileClose(fHandle, pFileInfo->FileName, K_DOS_ReadFile, 0);
1292   2                      return sts;
1293   2              }
1294   1              sts = FAIL;
1295   1              
1296   1              sts = vfsFileRead(fHandle, K_DOS_DstDram, 1024, backAddr, (AviHdrSize>>9)<<9);
1297   1      
1298   1              for(i=0; i< 1024/4;i++) {
1299   2                      addr = backAddr + (i*4)/2;
1300   2                      HAL_DramStartAddrSet(backAddr + (i*4)/2 , 1);
1301   2                      HAL_DramWordDataRead(&tmp2, &tmp3);
1302   2                      HAL_DramWordDataRead(&tmp4, &tmp5);
1303   2                      if(((tmp2 == 'm')&&(tmp3 == 'o')&&(tmp4 == 'v')&&(tmp5 == 'i'))) {
1304   3                              sts = SUCCESS;
1305   3                              i += 2;
1306   3                              pbDramDWordGet(backAddr, (UINT32)((i)<<1), &frameSize, 1, 1);
1307   3                              HAL_DmaSetSramAddr(0x0000);
1308   3                              HAL_DmaSetDramAddr(addr -4);
1309   3                              backAddr = addr-4;
1310   3                              HAL_DmaDo(0, 1, 512, 0, 0);
1311   3      
1312   3                              //check QDT (FF DB 00 C5)
1313   3                              i = 0x28;
1314   3                  tmp2 = XBYTE[0x3800 + i]; 
1315   3                  tmp3 = XBYTE[0x3800 + i + 1];
1316   3                  tmp4 = XBYTE[0x3800 + i + 2];
1317   3                  tmp5 = XBYTE[0x3800 + i + 3];
1318   3                              
1319   3                              for (i = 0; i < 64; i++) {
1320   4                                      QTable[i] = XBYTE[0x382D + i];
1321   4                              }
1322   3      
1323   3                              for (i = 64; i < 128; i++) {
1324   4                                      QTable[i] = XBYTE[0x382E + i];
1325   4                              }
1326   3      
1327   3                              jpegQTableSet( 0, QTable, QTable + 64, 1 );
1328   3      
1329   3                              break;
1330   3                      }
1331   2               }
1332   1              if(sts!=SUCCESS){
1333   2      //              printf("--%d__NO AVI File\n",(UINT16)__LINE__);
1334   2                      sts = FAIL;
1335   2                      vfsFileClose(fHandle, pFileInfo->FileName, K_DOS_ReadFile, 0);
1336   2                      return sts;
1337   2              }
1338   1              
1339   1              //printf("size=0x%lx, 0x%lx\n", frameSize, AviHdrSize);
C51 COMPILER V8.08   PB_DECODE                                                             12/31/2019 16:15:22 PAGE 23  

1340   1              //+20: LIST....movi....
1341   1              frameSize = (((frameSize+20)>>9)+1)<<9;
1342   1              vlcAddr = backAddr;
1343   1              sts = vfsFileRead(fHandle, K_DOS_DstDram, ((frameSize+(AviHdrSize-((AviHdrSize>>9)<<9)))+511)&~511, backA
             -ddr, (AviHdrSize>>9)<<9 );    
1344   1              //sts = vfsFileRead(fHandle, K_DOS_DstDram, (((frameSize+20)>>9)+1)<<9, backAddr, (AviHdrSize>>9)<<9 );
1345   1              for(i=0; i<680;i++) {
1346   2                      //HAL_DramStartAddrSet(backAddr + (i*4)/2 , 1);
1347   2                      HAL_DramStartAddrSet(vlcAddr, 1);
1348   2                      HAL_DramWordDataRead(&tmp2, &tmp3);
1349   2                      HAL_DramWordDataRead(&tmp4, &tmp5);
1350   2                      vlcAddr += 2;
1351   2                      if(((tmp2 == 0x11)&&(tmp3 ==0x00)&&(tmp4 == 0x3f)&&(tmp5 ==0x00))) {
1352   3                              sts = SUCCESS;
1353   3                              break;
1354   3                      }
1355   2              } 
1356   1              vfsFileClose(fHandle, pFileInfo->FileName, K_DOS_ReadFile, 0);
1357   1              if(sts!=SUCCESS){
1358   2      //              printf("--%d__NO AVI File\n",(UINT16)__LINE__);
1359   2                      sts = FAIL;
1360   2                      return sts;
1361   2              }
1362   1              
1363   1              //vlcAddr = backAddr+ (i+1)*4/2;
1364   1              yuvType=videoPbReadDword(vlcAddr-(UINT32)11);
1365   1              yuvType &= 0x00ff;
1366   1              if(VideoWidth==1920){
1367   2                      if(yuvType==0x0022 ){
1368   3                              if(VideoHeight%16!=0){
1369   4                                      VideoHeight+=8;
1370   4                                      }
1371   3                              }
1372   2              }
1373   1              pFileInfo->MediaWidth = VideoWidth;
1374   1              pFileInfo->MediaHeight= VideoHeight;    
1375   1      #if 0 //xian -- 20110214 , do this before pbVideoFrameDecode()
                      HAL_PbBufAddrGet(&dispAddr);
                      if(osSysModeGet()== OS_SYS_MODE_STILL_PB &&dispDevActGet() ==4 && ((VideoWidth==1280 && VideoHeight==720)
             -||(VideoWidth==848 &&VideoHeight==480) )&& (decWidth>160) && (decHeight>120) ){
                              if ((VideoWidth==1280 && VideoHeight==720)){
                                      decWidth = 960;
                                      decHeight = 540;
                              }else{
                                      decWidth = VideoWidth;
                                      decHeight = VideoHeight;
                              }
              #if 0 //xian --
                              if (dispAddr != pbDispBuffGet(1)) {
                                      HAL_PbBufAddrSet(pbDispBuffGet(1));
              
                                      HAL_PbBufHsizeSet(decWidth);
                                      HAL_DispScaleSet(decWidth, decHeight, 100,0);
                                      HAL_DramZfUpdTrig(HAL_DRAM_ZF_UPD_LAYER_PB);
                                      HAL_DramZUpdateWait(HAL_DRAM_ZUPDATE_PB, 0);
                              }
              #else           
                              if(pbDispBufModeGet(NULL,NULL) == PB_DISP_BUF_MODE_ZOOM){
                                      //printf("3^^ %lx\n", dispAddr);
                                      dispShow(pbDispBuffGet(1), decWidth, decHeight, 100);
                              }
              #endif
C51 COMPILER V8.08   PB_DECODE                                                             12/31/2019 16:15:22 PAGE 24  

                      }
              #endif
1402   1      
1403   1              return pbJpgDecodeSizeFit(vlcAddr, frameSize, VideoWidth, VideoHeight, freeBufAddrWord, decWidth, decHeig
             -ht, fillBlack);
1404   1      }
1405          
1406          //condition: imgW%16==0,
1407          /**
1408           * @fn            UINT8 pbJpgDecodeWidthFitFactGet(UINT16 srcW, UINT16 dstW)
1409           * @brief         get decode factor
1410           * @param         [in] srcW
1411           * @param         [in] dstW
1412           * @retval        return = SUCCESS / FAIL
1413           * @see           NULL
1414           * @author        Tq.Zhang
1415           * @since         2010-5-6
1416           * @todo          N/A
1417           * @bug           N/A
1418          */
1419          UINT8 pbJpgDecodeWidthFitFactGet(UINT16 srcW, UINT16 dstW)
1420          {
1421   1              UINT8 fact, fit = 0;
1422   1              UINT16 tmpW;
1423   1              
1424   1              dstW <<= 3; // w*8
1425   1              fact = dstW / srcW;     //nearest
1426   1              if(!fact){
1427   2                      fact = 1;                        // min fact
1428   2              }
1429   1              //find best fact, no need scale
1430   1              if(fact > 8){
1431   2                      fact = 8;          // max fact
1432   2                      fit = 1;
1433   2              }        
1434   1              else if((tmpW=srcW*fact) == dstW){
1435   2                      fit = 1;
1436   2              }
1437   1              else if( (tmpW+=srcW) == dstW){
1438   2                      fact ++;
1439   2                      fit = 1;
1440   2              }        
1441   1              //find fact(2, 4, 6), no need fill black
1442   1              if(!fit){
1443   2                      fact = (fact + 1) & ~1;    
1444   2                      if(srcW*fact & 0x3f)
1445   2                              fact = 4;
1446   2              }
1447   1              fact &= 7;
1448   1              if(fact == 6){
1449   2                      fact=4;
1450   2              }
1451   1              pbLogPrintf("fact:%bu\n", fact);
1452   1              return fact; 
1453   1      }
1454          
1455          /**
1456           * @fn            UINT8 pbJpgDecodeSizeFit(UINT32 vlcAddr, UINT32 vlcSize, UINT16 imgW, UINT16 imgH, UINT32 dstAdd
             -r, UINT16 dstW, UINT16 dstH)
1457           * @brief         pbJpgDecodeSizeFit
1458           * @param         [in] vlcAddr
1459           * @param         [in] vlcSize
C51 COMPILER V8.08   PB_DECODE                                                             12/31/2019 16:15:22 PAGE 25  

1460           * @param         [in] imgW
1461           * @param         [in] imgH
1462           * @param         [in] dstAddr
1463           * @param         [in] dstW
1464           * @param         [in] dstH
1465           * @retval        return = SUCCESS / FAIL
1466           * @see           NULL
1467           * @author        Tq.Zhang
1468           * @since         2010-5-6
1469           * @todo          N/A
1470           * @bug           N/A
1471          */
1472          UINT8 
1473          pbJpgDecodeSizeFit(
1474                  UINT32 vlcAddr,
1475                  UINT32 vlcSize,
1476                  UINT16 imgW,
1477                  UINT16 imgH,
1478                  UINT32 dstAddr,
1479                  UINT16 dstW,
1480                  UINT16 dstH,
1481                  UINT8 fillBlack
1482          )
1483          {
1484   1              UINT8 fact;
1485   1              UINT16 decW, decH, sclW, sclH;
1486   1              UINT32 tmp1, tmp2;
1487   1              UINT32 decAddr, sclAddr, tmpAddr;
1488   1              UINT32 tmpSize;
1489   1              UINT32 dramEndAddr = K_SDRAM_TotalSize - 256UL;
1490   1              UINT16 dramread;// tq.zhang video yuv420
1491   1              UINT8 opt=0x04; // tq.zhang video yuv420
1492   1      
1493   1              tmp1 = (UINT32)imgW * dstH;
1494   1              tmp2 = (UINT32)dstW * imgH;
1495   1              if(tmp1 >= tmp2){//fit width
1496   2                      decW = dstW;            
1497   2              }
1498   1              else{
1499   2                      decW = tmp1 / imgH; //fill black left and right                    
1500   2              }
1501   1              fact = pbJpgDecodeWidthFitFactGet(imgW, decW);
1502   1              if(fact){
1503   2                      decW = (((imgW * fact) >> 3) + 7) &~7;
1504   2                      decH = ((imgH * fact) >> 3);
1505   2              }
1506   1              else{
1507   2                      decW = imgW;
1508   2                      decH = imgH;
1509   2              }
1510   1              //printf("dec: %u, %u\n", decW, decH);
1511   1              //printf("dst: %u, %u\n", dstW, dstH);
1512   1              decAddr = dramEndAddr - (UINT32)decW * decH;
1513   1              if(vlcAddr + vlcSize > decAddr){
1514   2                      pbLogPrintf("out of mem\n");
1515   2                      return FAIL;
1516   2              }
1517   1      
1518   1              if (1){// tq.zhang video yuv420
1519   2                      dramread=videoPbReadDword(vlcAddr-(UINT32)11);
1520   2                      dramread &= 0x00ff;
1521   2                      if (dramread==0x0021){
C51 COMPILER V8.08   PB_DECODE                                                             12/31/2019 16:15:22 PAGE 26  

1522   3                              opt &= 0xfc;
1523   3                              opt |= 0x00;
1524   3                      }
1525   2                      else if (dramread==0x0022){
1526   3                              opt &= 0xfc;
1527   3                              opt |= 0x01;
1528   3                      }
1529   2              } 
1530   1      
1531   1              if(!fillBlack){ //xian ++ 20101228
1532   2                      dstW = decW;
1533   2                      dstH = decH;
1534   2              }       
1535   1              
1536   1              sclW = dstW;
1537   1              sclH = dstH;
1538   1              //SY add for HD play on HDMI s
1539   1              if(osSysModeGet()== OS_SYS_MODE_STILL_PB&& (dispDevActGet() == 4 || dispDevActGet() == 2) && ((imgW==1280
             - && imgH==720)||(imgW==720 &&imgH==480) )&& (dstW>160) && (dstH>120)){//modify for D1 size
1540   2                      HAL_JpegDecode(vlcAddr, imgW, imgH, decAddr, fact, opt, 0x00);
1541   2                      #if 1
1542   2                      HAL_GprmCopy(
1543   2                              decAddr,
1544   2                              decW, decH, 0, 0,
1545   2                              dstAddr,
1546   2                              decW, decH, 0, 0,
1547   2                              decW, decH,
1548   2                              0,
1549   2                              1
1550   2                      );
1551   2                      #endif
1552   2                      //xian -- 20110214
1553   2                      //decW_HDMI = decW;
1554   2                      //decH_HDMI = decH;
1555   2                      g_pb_rec_RotOut.hOff = (0)>>1;
1556   2                      g_pb_rec_RotOut.vOff = (0)>>1;
1557   2                      g_pb_rec_RotOut.hSize = decW;
1558   2                      g_pb_rec_RotOut.vSize = decH;           
1559   2      
1560   2                      pbDecodeW = decW;
1561   2                      pbDecodeH = decH;
1562   2                      return SUCCESS;
1563   2              }else{
1564   2                      HAL_JpegDecode(vlcAddr, imgW, imgH, decAddr, fact, opt, 0x00);
1565   2              }       
1566   1              //SY add for HD play on HDMI e
1567   1              if(decW == dstW && decH == dstH){
1568   2                      HAL_GprmCopy(
1569   2                              decAddr,
1570   2                              decW, decH, 0, 0,
1571   2                              dstAddr,
1572   2                              dstW, dstH, 0, 0,
1573   2                              decW, decH,
1574   2                              0,
1575   2                              1
1576   2                      );
1577   2              }
1578   1              else{
1579   2                      tmp1 = (UINT32)decW * dstH;
1580   2                      tmp2 = (UINT32)dstW * decH;
1581   2                      if(tmp1 >= tmp2){//fit width
1582   3                              sclH = tmp2 / decW + 1;
C51 COMPILER V8.08   PB_DECODE                                                             12/31/2019 16:15:22 PAGE 27  

1583   3                              sclH &= ~1;
1584   3                              tmpSize = (UINT32)(decW>=dstW?decW:dstW) * (decH>=sclH?decH:sclH);
1585   3                              tmpAddr = dstAddr + tmpSize;
1586   3                              if(sclH != dstH){
1587   4                                      gprmBlackFill(dstAddr, dstW, dstH);
1588   4                                      dstAddr += (UINT32)dstW * ((dstH - sclH)>>1);
1589   4                              }
1590   3                              HAL_GprmScale(
1591   3                                      decAddr,
1592   3                                      decW, decH,
1593   3                                      dstAddr,
1594   3                                      dstW, sclH,
1595   3                                      tmpAddr,
1596   3                                      1
1597   3                              );                
1598   3                      }
1599   2                      else{// fit height
1600   3                              sclW = (tmp1 / decH)&~0x07;
1601   3                              tmpSize = (UINT32)(decW>=sclW?decW:sclW) * (decH>=dstH?decH:dstH);
1602   3                              sclAddr = dstAddr + (UINT32)dstW * dstH;
1603   3                              tmpAddr = sclAddr + tmpSize;
1604   3                              HAL_GprmScale(
1605   3                                      decAddr,
1606   3                                      decW, decH,
1607   3                                      sclAddr,
1608   3                                      sclW, dstH,
1609   3                                      tmpAddr,
1610   3                                      1
1611   3                              );                
1612   3                                                      
1613   3                              gprmBlackFill(dstAddr, dstW, dstH);
1614   3                              HAL_GprmCopy(
1615   3                                      sclAddr,
1616   3                                      sclW, dstH, 0, 0,
1617   3                                      dstAddr,
1618   3                                      dstW, dstH, ((dstW-sclW)>>1)&~1, 0,
1619   3                                      sclW, dstH,
1620   3                                      0,
1621   3                                      1
1622   3                              );
1623   3                      }               
1624   2              }
1625   1              //printf("scl: %u, %u\n", sclW, sclH);
1626   1              g_pb_rec_RotOut.hOff = (dstW - sclW)>>1;
1627   1              g_pb_rec_RotOut.vOff = (dstH - sclH)>>1;
1628   1              g_pb_rec_RotOut.hSize = sclW;
1629   1              g_pb_rec_RotOut.vSize = sclH;
1630   1      
1631   1              pbDecodeW = decW;
1632   1              pbDecodeH = decH;
1633   1              return SUCCESS;
1634   1      }
1635          #endif
1636          
1637          #if STILL_LIB_PB_DMY
              void pbDispRoiSizeGet(UINT16 *pHOff, UINT16 *pVOff, UINT16 *pHSize, UINT16 *pVSize)
              {
                      pHOff=pHOff;
                      pVOff=pVOff; 
                      pHSize=pHSize; 
                      pVSize=pVSize;
              }
C51 COMPILER V8.08   PB_DECODE                                                             12/31/2019 16:15:22 PAGE 28  

              #else
1646          void pbDispRoiSizeGet(UINT16 *pHOff, UINT16 *pVOff, UINT16 *pHSize, UINT16 *pVSize)
1647          {
1648   1              if(pHOff)
1649   1                      *pHOff = g_pb_rec_RotOut.hOff;  
1650   1              if(pVOff)
1651   1                      *pVOff = g_pb_rec_RotOut.vOff;
1652   1              if(pHSize)
1653   1                      *pHSize = g_pb_rec_RotOut.hSize;
1654   1              if(pVSize)
1655   1                      *pVSize = g_pb_rec_RotOut.vSize;                
1656   1      }
1657          #endif
1658          
1659          #if (!STILL_LIB_PB_DMY)
1660          void pbDramDWordGet(UINT32 AddrWord, UINT32 AddrOff, UINT32* DataDWord, UINT8 RstAddrEn, UINT8 order){
1661   1              UINT8 tmp2, tmp3, tmp4, tmp5;
1662   1              if (RstAddrEn){
1663   2                      HAL_DramStartAddrSet(AddrWord + AddrOff , 1);
1664   2              }
1665   1              HAL_DramWordDataRead(&tmp2, &tmp3);
1666   1              HAL_DramWordDataRead(&tmp4, &tmp5);
1667   1              if (order){
1668   2                      *DataDWord = (UINT32)tmp2 | ((UINT32)tmp3<<8)| ((UINT32)tmp4<<16)| ((UINT32)tmp5<<24);
1669   2              }else{
1670   2                      *DataDWord = (UINT32)tmp5 | ((UINT32)tmp4<<8)| ((UINT32)tmp3<<16)| ((UINT32)tmp2<<24);
1671   2              }
1672   1      }
1673          void pbDispBufModeSet(UINT8 mode)
1674          {
1675   1              pbDispBufMode = mode;
1676   1      }
1677          
1678          UINT8 pbDispBufModeGet(void)
1679          {
1680   1              return pbDispBufMode;
1681   1      }
1682          
1683          void pbDispQVSizeSet(UINT16 Width, UINT16 Height)
1684          {
1685   1              pbDispQVW = Width;
1686   1              pbDispQVH = Height;
1687   1      }
1688          
1689          void pbDispQVSizeGet(UINT16 *Width, UINT16 *Height)
1690          {
1691   1              *Width = pbDispQVW;
1692   1              *Height = pbDispQVH;
1693   1      }
1694          
1695          #else
              void pbDispQVSizeSet(UINT16 Width, UINT16 Height)
              {
                      return;
                      Width = Width;
                      Height = Height;
              }
              void pbDispQVSizeGet(UINT16 *Width, UINT16 *Height)
              {
                      return;
                      Width = Width;
                      Height = Height;
C51 COMPILER V8.08   PB_DECODE                                                             12/31/2019 16:15:22 PAGE 29  

              }
              #endif
1709          
1710          /**
1711           * @fn  UINT8 pbAviMMsFun()
1712           * @brief         generate thumbnail after video rec filish
1713           * @param         NONE
1714           * @retval        FAIL/SUCCESS
1715           * @see           NULL
1716           * @author        hy.ren
1717           * @since         2010-5-10
1718           * @todo          N/A
1719           * @bug           N/A
1720          */
1721          UINT8 pbAviMMsFun(UINT8 *fileName,UINT16 width,UINT16 height)
1722          {
1723   1              fileName = fileName;
1724   1              width = width;
1725   1              height = height;
1726   1      #if 0
                      UINT32 dramStartAddr = K_SDRAM_CommonEndAddr+2048;//reverse 4K buffer
                      UINT32 mmsHdrSize;
                      UINT8 ret;
                      UINT8 thubFileName[12];
                      UINT32 frameSize;
                      UINT8 qTable[128];
                      UINT32 thubAddr,tmpAddr,tmp1Addr;
                      UINT32 thubSize;
                      UINT8 i,offs;
                      UINT8 opt = 0x04; //K_File_DataType_YUV422;
                      UINT16 decWidth,decHeight;
                      UINT32 thubYuvAddr;
                      UINT8 fac;
                      UINT32 aviHdrSize;
                      UINT32 dramEndAddr = K_SDRAM_TotalSize - 256UL;
                      UINT32 vlcAddr;
                      UINT16 fHandle;
                      UINT8 tmp2, tmp3,tmp4,tmp5;
                      UINT16 thbWidth=160,thbHeight=120; //default value
                      UINT16 fileIndx = 0;
                      UINT8 ch;
                      
                      fHandle = vfsFileOpen(fileName, K_DOS_ReadFile, 0);
                      if (!fHandle) {
                              vfsFileClose(fHandle, fileName, K_DOS_ReadFile, 0);
                              return FAIL;
                      }
                      //printf("name:%s\n",fileName);
                      vfsFileRead(fHandle, K_DOS_DstDram, 512, dramStartAddr, 0);
                      for(i=0; i< 512/4;i++) {
                              HAL_DramStartAddrSet(dramStartAddr + (i*4)/2 , 1);
                              HAL_DramWordDataRead(&tmp2, &tmp3);
                              HAL_DramWordDataRead(&tmp4, &tmp5);
                              if(((tmp2 == 'A')&&(tmp3 == 'V')&&(tmp4 == 'I')&&(tmp5 == 0x20))) {
                                      ret = SUCCESS;
                                      pbDramDWordGet(dramStartAddr, (UINT32)((i+2)<<1), &aviHdrSize, 1, 1);
                                      aviHdrSize += 20;
                                      break;
                              } 
                      }
                      if(ret!=SUCCESS){
                              ret = FAIL;
C51 COMPILER V8.08   PB_DECODE                                                             12/31/2019 16:15:22 PAGE 30  

                              vfsFileClose(fHandle, fileName, K_DOS_ReadFile, 0);
                              return ret;
                      }
                      //printf("hdr=%lx\n",aviHdrSize);
                      aviHdrSize+=(12+8);
                      vfsFileRead(fHandle, K_DOS_DstDram, 1024, dramStartAddr, (aviHdrSize>>9)<<9);
                      for(i=0; i<(20>>2);i++) {
                              HAL_DramStartAddrSet(dramStartAddr + (i<<1), 1);
                              HAL_DramWordDataRead(&tmp2, &tmp3);
                              HAL_DramWordDataRead(&tmp4, &tmp5);
                              if(((tmp2 == '0')&&(tmp3 == '0')&&(tmp4 == 'd')&&(tmp5 == 'c'))) {
                                      ret = SUCCESS;
                                      pbDramDWordGet(dramStartAddr + (i<<1), 2,&frameSize,1,1);
                                      offs = (i+2)<<2;
                                      break;
                              } 
                      }
                      //pbDramDWordGet(dramStartAddr, 2,&frameSize,1,1);
                      //printf("frame=%lx\n",frameSize);
                      HAL_DmaSetSramAddr(0x0000);
                      HAL_DmaSetDramAddr(dramStartAddr + ((offs - 8) >> 1));
                      HAL_DmaDo(0, 1, 512, 0, 0);
                      for (i = 0; i < 64; i++) {
                              qTable[i] = XBYTE[0x3821 + i];
                      }
                      for (i = 64; i < 128; i++) {
                              qTable[i] = XBYTE[0x3822 + i];
                      }
                      jpegQTableSet(0, qTable, qTable+64, 1);
                      frameSize = ((frameSize>>9)+1)<<9;
                      vlcAddr = dramStartAddr;
                      ret = vfsFileRead(fHandle, K_DOS_DstDram, frameSize+offs, dramStartAddr, (aviHdrSize>>9)<<9 );
                      for(i=0; i< 1024/4;i++) {
                              HAL_DramStartAddrSet(vlcAddr, 1);
                              HAL_DramWordDataRead(&tmp2, &tmp3);
                              HAL_DramWordDataRead(&tmp4, &tmp5);
                              vlcAddr += 2;
                              if(((tmp2 == 0x11)&&(tmp3 ==0x00)&&(tmp4 == 0x3f)&&(tmp5 ==0x00))) {
                                      ret = SUCCESS;
                                      break;
                              }
                      } 
                      vfsFileClose(fHandle, fileName, K_DOS_ReadFile, 0);
                      switch(width){
                              case 320:
                                      fac =4;
                                      break;
                              case 720:
                                      fac = 4;
                                      thbWidth = 144;
                                      thbHeight = 96;
                                      break;
                              case 1280:
                                      fac =4;
                                      thbWidth = 160;
                                      thbHeight = 96;
                              break;
                              case 640:
                                      fac = 2;
                                      break;
                              case 1920:
                                      fac =2;
C51 COMPILER V8.08   PB_DECODE                                                             12/31/2019 16:15:22 PAGE 31  

                                      thbWidth = 160;
                                      thbHeight = 112;
                                      opt = 0x05;
                              break;
                              default:
                                      fac  =4;
                              break;
                      }
                      decWidth = width *fac/8;
                      decHeight = height*fac/8;
                      tmpAddr = vlcAddr +(frameSize>>1) + 0x100;
                      
                      ret = HAL_JpegDecode(vlcAddr,width ,height,tmpAddr,fac,opt,0); //640*480
                      if(ret != SUCCESS ){//error happen
                              printf("Jpg Err\n");
                              return FAIL;
                      }
                      
                      thubYuvAddr = tmpAddr+(UINT32)decWidth*decHeight;
                      tmp1Addr = thubYuvAddr +(UINT32)decHeight*decHeight;
                      
                      HAL_GprmScale(
                              tmpAddr,
                              decWidth, decHeight,
                              thubYuvAddr,
                              thbWidth, thbHeight,
                              tmp1Addr,
                              1
                      );
              
                      /*Encode YUV422:16X8 YUV420:16X16 */
                      thubAddr = thubYuvAddr +(UINT32)160*120;
                      jpegQTableSet(85, NULL, NULL, 1); 
                      HAL_JpgZFactorSet( 100, 100, thbWidth, thbHeight, thbWidth, thbHeight, 0);//jpg encode not support scale 
             -down function
                      HAL_JpegEncode( thubYuvAddr, thubAddr, 0,0x20, 1 );
                      HAL_JpegReadEncodeSize( &thubSize); 
                      mmsHdrSize = exifAddMmsHdr(thubAddr,thubSize,thbWidth,thbHeight,85);
              
                      for(i=4;i<8;i++){
                              ch = (UINT8)fileName[i] - '0';
                              fileIndx = fileIndx * 10;
                          fileIndx += ch;
                      }
                      //printf("idx=%d\n",fileIndx);
                      dcfMmsFileNameGet(thubFileName,fileIndx);
                      dcfEntryMmsDir();
                      dramFileSave( thubFileName, thubAddr-(0x254>>1), thubSize+mmsHdrSize);
                      dcfExitMmsDir();
              #endif          
1880   1              return SUCCESS;
1881   1      }


MODULE INFORMATION:   STATIC OVERLAYABLE
   CODE SIZE        =  10401    ----
   CONSTANT SIZE    =     68    ----
   XDATA SIZE       =     22     827
   PDATA SIZE       =   ----    ----
   DATA SIZE        =   ----    ----
   IDATA SIZE       =   ----    ----
   BIT SIZE         =   ----    ----
C51 COMPILER V8.08   PB_DECODE                                                             12/31/2019 16:15:22 PAGE 32  

   EDATA SIZE       =   ----    ----
   HDATA SIZE       =   ----    ----
   XDATA CONST SIZE =   ----    ----
   FAR CONST SIZE   =   ----    ----
END OF MODULE INFORMATION.


C51 COMPILATION COMPLETE.  0 WARNING(S),  0 ERROR(S)
