C51 COMPILER V8.08   PB_EDIT                                                               12/31/2019 16:15:26 PAGE 1   


C51 COMPILER V8.08, COMPILATION OF MODULE PB_EDIT
OBJECT MODULE PLACED IN .\obj\pb_edit.obj
COMPILER INVOKED BY: e:\Keil\C51\BIN\C51.EXE pb_edit.c LARGE OMF2 OPTIMIZE(9,SIZE) NOAREGS INCDIR(..\..\..\inc;..\..\..\
                    -inc\os;..\..\..\inc\hal;..\..\..\inc\middleware;..\..\..\inc\sp1k;..\..\..\..\host\inc\app;..\..\..\..\host\inc\customiz
                    -ation) DEFINE(LIB_RELEASE) PRINT(.\obj\pb_edit.lst) OBJECT(.\obj\pb_edit.obj)

line level    source

   1          /**************************************************************************
   2           *         Copyright(c) 2010 by i-Catch Technology Co., Ltd.              *
   3           *                                                                        *
   4           *  This software is copyrighted by and is the property of i-Catch Tech-  *
   5           *  nology Co., Ltd. All rights are reserved by i-Catch Technology Co.,   *
   6           *  Ltd. This software may only be used in accordance with the            *
   7           *  corresponding license agreement. Any unauthorized use, duplication,   *
   8           *  distribution, or disclosure of this software is expressly forbidden.  *
   9           *                                                                        *
  10           *  This Copyright notice "M U S T" not be removed or modified without    *
  11           *  prior written consent of i-Catch Technology Co., Ltd.                 *
  12           *                                                                        *
  13           *  i-Catch Technology Co., Ltd. reserves the right to modify this        *
  14           *  software without notice.                                              *
  15           *                                                                        *
  16           *  i-Catch Technology Co., Ltd.                                          *
  17           *  19-1, Innovation First Road, Science-Based Industrial Park,           *
  18           *  Hsin-Chu, Taiwan, R.O.C.                                              *
  19           *                                                                        *
  20           *************************************************************************/
  21           
  22          /**
  23           * @file      pb_edit.c
  24           * @brief     decode and edit picture
  25           * @author    tq.zhang
  26           * @since     2010-05-06
  27           * @date      2010-05-06
  28          */
  29          
  30          /**************************************************************************
  31           *                        H E A D E R   F I L E S
  32           **************************************************************************/
  33          #include "general.h"
  34          #include "initio.h"
  35          #include "pb_general.h"
  36          #include "pb_api.h"
  37          #include "pb_debug.h"
  38          //#include "exifhdr.h"
  39          #include "exiffunc.h"
  40          #include "doslink.h"
  41          #include "cardlink.h"
  42          #include "hal.h"
  43          #include "sp1k_cdsp_api.h"
  44          #include "hal_cdsp_iq.h"
  45          #include "hal_jpeg.h"
  46          #include "sp1k_snap_api.h"
  47          #include "snap_qtable.h"
  48          #include "fileindex.h"
  49          #include "disp_api.h"
  50          #include "spe_distort.h"
  51          #include "pb_photoframe.h"
  52          #include "Sp1k_rsvblk_api.h"
  53          #include "hal_gprm.h"
C51 COMPILER V8.08   PB_EDIT                                                               12/31/2019 16:15:26 PAGE 2   

  54          #include "cdsp_task.h"
  55          #include "utility.h"
  56          #include "vfs_api.h"
  57          #include "dcf_api.h"
  58          #include "snap_core.h"
  59          #include "hal_dram.h"
  60          #include "sp1k_pb_api.h"
  61          #include "dos32.h"
  62          
  63          #include "exif_entry.h"
  64          #include "exif_param.h"
  65          #include "hal_disp.h"
  66          /**************************************************************************
  67           *                           C O N S T A N T S                            *
  68           **************************************************************************/
  69           
  70          /**************************************************************************
  71           *                              M A C R O S                               *
  72           **************************************************************************/
  73          #if (!STILL_LIB_PB_DMY)
  74          #define PB_EFFECT_DECODE_WIDTH  (1024UL)//(2048UL)
  75          #define PB_EFFECT_DECODE_HEIGHT         (768UL)//(1536UL)
  76          #define PB_EFFECT_DECODE_MAX            (PB_EFFECT_DECODE_WIDTH * PB_EFFECT_DECODE_HEIGHT) // 3M
  77          #define OrderToAddr(addr, offset)               ((addr) = ((addr) + ((offset) - 1)) &~ ((offset) - 1))
  78          
  79          #define PB_EDIT_IMG_QTAB                        70//90 /*will revise */ 
  80          #define PB_EDIT_IMG_TUMB_W              160
  81          #define PB_EDIT_IMG_TUMB_H              120
  82          #define PB_EDIT_IMG_HDR_SIZE    (64UL * 1024UL)
  83          
  84          #define PB_EDIT_CDSP_DO_LINE_NUM        32UL
  85          
  86          #define DEBUG_YUV               0
  87          
  88          #define DEBUG_PRINT     //printf
  89          
  90          #define MCU_ALIGN(Data,Align_16) ((Data) = (Data) &~ ((Align_16) - 1))
  91          /**************************************************************************
  92           *                          D A T A    T Y P E S                          *
  93           **************************************************************************/
  94           
  95          /**************************************************************************
  96           *                         G L O B A L    D A T A                         *
  97           **************************************************************************/
  98           
  99          /**************************************************************************
 100           *                 E X T E R N A L    R E F E R E N C E S                 *
 101           **************************************************************************/
 102          //extern UINT8 cdspYuv2Yuv(UINT32 srcAddr,UINT32 dstAddr,UINT16 xSize,UINT16 ySize,UINT16 doYSize);
 103          //extern void gprmBlackFill(UINT32 dstAddr, UINT16 imgW, UINT16 imgH);
 104          extern xdata UINT8 exifVlcAtOdd;
 105          
 106          extern xdata UINT16 pbParam[PB_PARAM_MAX];
 107          extern xdata UINT8 exifFillRotOpt;
 108          extern xdata UINT16 G_JpgRstMcuNum;
 109          
 110          extern xdata UINT8 exifAppN;
 111          extern xdata UINT8 exifQvVlcAtOdd;
 112          extern xdata UINT32 exifQvUVTblAddr;
 113          extern xdata UINT8 exifQvYTblAddr;
 114          extern PBFile_t xdata MediaInfo;
 115          
C51 COMPILER V8.08   PB_EDIT                                                               12/31/2019 16:15:26 PAGE 3   

 116          UINT8 Rotation_En = 0; 
 117          UINT8 cropFlag = 0;
 118          
 119          /**************************************************************************
 120           *               F U N C T I O N    D E C L A R A T I O N S               *
 121           **************************************************************************/
 122          static void pbCdspEffectDo(pbEditType_t imgEffect, UINT32 srcAddr, UINT16 srcWidth, UINT16 srcHeight, UINT
             -32 dstAddr , UINT16 dstWidth, UINT16 dstHeight);
 123          //static void pbCdspEffectDo(PBEffectList_t imgEffect, UINT32 srcAddr, UINT16 srcWidth, UINT16 srcHeight, 
             -UINT32 dstAddr , UINT16 dstWidth, UINT16 dstHeight);
 124          UINT8 pbEditFileMake(UINT32 startAddr, UINT32 size);
 125          //UINT8 pbEffect_Resize(PBFile_t* pFile, PBEffectList_t imgEffect, UINT16 dstWidth, UINT16 dstHeight);
 126          //=============================================================================
 127          //Program
 128          //=============================================================================
 129          //-----------------------------------------------------------------------------
 130          //
 131          //-----------------------------------------------------------------------------
 132          /**
 133           * @fn        void pbCdspEffectDo(PBEffectList_t imgEffect, UINT32 srcAddr, UINT16 srcWidth, UINT16 srcHei
             -ght, UINT32 dstAddr)
 134           * @brief     pbCdspEffectDo
 135           * @param     [in] imgEffect : effect type: NORMAL/RED/GREEN/BLUE/BINARIZE/SEPIA/SUNSET/WARM/COLD/BLACKWHI
             -TE/CONTRAST
 136           * @param     [in] srcAddrWord : source YUV address
 137           * @param     [in] srcWidth : source pixel width
 138           * @param     [in] srcHeight : source pixel height
 139           * @param     [in] dstAddrWord : destination address
 140           * @retval    NONE
 141           * @see       NULL
 142           * @author    Tq.Zhang
 143           * @since     2010-5-6
 144           * @todo      N/A
 145           * @bug       N/A
 146          */
 147          static void 
 148          pbCdspEffectDo(
 149                  pbEditType_t imgEffect,
 150                  UINT32 srcAddrWord, 
 151                  UINT16 srcWidth, 
 152                  UINT16 srcHeight, 
 153                  UINT32 dstAddrWord,
 154                  UINT16 dstWidth,
 155                  UINT16 dstHeight
 156          )
 157          {
 158   1      
 159   1              //HAL_CdspEdgeCoringMedianEnSet( 0, 0, 0, 0);
 160   1              //HAL_CdspYEdgeEnSet(0);
 161   1              //HAL_CdspLEdgeEnSet(0);
 162   1              //HAL_CdspYCoringEnSet(0);
 163   1              //HAL_CdspUVMedianEnSet(0);
 164   1                      
 165   1              //HAL_CdspYuvFilterBufSet(0);
 166   1              
 167   1              cdspPostProcessCtrl(0,CDSP_DO_YUV2YUV);
 168   1              
 169   1              switch (imgEffect) {
 170   2                      case PB_IMG_EFFECT_NORMAL:
 171   2                              cdspNormalEffectSet();
 172   2                              break;
 173   2                      case PB_IMG_EFFECT_RED:
C51 COMPILER V8.08   PB_EDIT                                                               12/31/2019 16:15:26 PAGE 4   

 174   2                              cdspRedEffectSet();
 175   2                              break;
 176   2                      case PB_IMG_EFFECT_GREEN:
 177   2                              cdspGreenEffectSet();
 178   2                              break;
 179   2                      case PB_IMG_EFFECT_BLUE:
 180   2                              cdspBlueEffectSet();
 181   2                              break;
 182   2                      case PB_IMG_EFFECT_BINARIZE:
 183   2                              cdspBinarizeEffectSet();
 184   2                              break;
 185   2                      case PB_IMG_EFFECT_NEGTIVE:
 186   2                              cdspNegativeEffectSet();
 187   2                              break;
 188   2                      case PB_IMG_EFFECT_SEPIA:
 189   2                              cdspSepiaEffectSet();
 190   2                              break;
 191   2                      case PB_IMG_EFFECT_SUNSET:
 192   2                              cdspWarmEffectSet();
 193   2                              break;
 194   2                      case PB_IMG_EFFECT_WARM:
 195   2                              cdspWarmEffectSet();
 196   2                              break;
 197   2                      case PB_IMG_EFFECT_COLD:
 198   2                              cdspColdEffectSet();
 199   2                              break;
 200   2                      case PB_IMG_EFFECT_BLACKWHITE:
 201   2                              cdspBlackWhiteEffectSet();
 202   2                              break;
 203   2                      case PB_IMG_EFFECT_CONTRAST:
 204   2                              cdspContrastEffectSet();
 205   2                              break;
 206   2                      default:
 207   2                              //printf("UnSupport format!\n");
 208   2                              break;
 209   2              }
 210   1              cdspYuv2Yuv( srcAddrWord, dstAddrWord, srcWidth, srcHeight, dstWidth, dstHeight, PB_EDIT_CDSP_DO_LINE_NUM
             -);
 211   1              cdspNormalEffectSet();
 212   1      
 213   1      }
 214          
 215          /**
 216           * @fn        UINT8 pbEditFileMake(UINT32 startAddr, UINT32 size)
 217           * @brief     save edit file
 218           * @param     [in] startAddrWord : source data word address
 219           * @param     [in] size : data size
 220           * @retval    return = SUCCESS / FAIL
 221           * @see       NULL
 222           * @author    Tq.Zhang
 223           * @since     2010-5-6
 224           * @todo      N/A
 225           * @bug       N/A
 226          */
 227          UINT8 pbEditFileMake(UINT32 startAddrWord, UINT32 size)
 228          {
 229   1              UINT8 sts;
 230   1              UINT8 fileName[13];
 231   1      
 232   1              sts = dcfFileIndexUpdate();   //xian ++ 20081203
 233   1              if(sts != TRUE){
 234   2                      return FAIL;
C51 COMPILER V8.08   PB_EDIT                                                               12/31/2019 16:15:26 PAGE 5   

 235   2              }
 236   1              //dcfJpgNameGet(fileName, dcfFileIndexGet());
 237   1              dcfMediaNameGet(fileName, dcfFileIndexGet(),MEDIA_JPG);
 238   1              fileName[12] = 0x00;    
 239   1              //G_USR_NewFileSizeInFdb = size;
 240   1      
 241   1              sts = dramFileSave( fileName, startAddrWord, size);
 242   1      
 243   1              if (sts != TRUE) {
 244   2                      DBG_pbFuncTrack();
 245   2                      return FAIL;
 246   2              }
 247   1      #if 1
 248   1              dcfNewFileDramFdbParameterUpdate(K_DCF_JPG_TYPE, size);
 249   1      #else
                      G_USR_NewFileSizeInFdb = size;
                      dcfFileDramFdbParameterWrite(K_DCF_JPG_TYPE,G_USR_FileIndex);
                      G_USR_LastFileIndex = G_USR_FileIndex; //yichang@0510
              
                      //Fix file index bug begin
                      if (G_USR_FileCount == 0)
                      {
                              G_USR_FirstFileIndex = G_USR_FileIndex;
                      }
                      //Fix file index bug end
                      
                      G_USR_FileIndex ++;
                      G_USR_FileCount++;
                      DOS_FileOrderWrite(G_USR_FileCount , G_USR_LastFileIndex);
              #endif
 265   1              return SUCCESS;
 266   1      }
 267          #endif
 268          
 269          //xian ++ 20080530
 270          /**
 271           * @fn        UINT32 pbUserStartImgGet(UINT32 *vlcAddrWord)
 272           * @brief     pbUserStartImgGet
 273           * @param     [in] vlcAddrWord : 
 274           * @retval    return = SUCCESS / FAIL
 275           * @see       NULL
 276           * @author    Tq.Zhang
 277           * @since     2010-5-6
 278           * @todo      N/A
 279           * @bug       N/A
 280          */
 281          #if STILL_LIB_PB_DMY
              UINT32 pbUserStartImgGet(UINT32 *vlcAddrWord)
              {
                      vlcAddrWord=vlcAddrWord;
                      return 0;
              }
              #else
 288          UINT32 pbUserStartImgGet(UINT32 *vlcAddrWord)
 289          {
 290   1              UINT32 dramEndAddr = K_SDRAM_TotalSize - 256UL;//512 Bytes reserved for DMA
 291   1              UINT32 freeBuffAddr = K_SDRAM_ImagePlaybackBufAddr;
 292   1              UINT32 tempBuff =K_SDRAM_TotalSize-(UINT32)320*240*2;
 293   1              UINT32 scalBuff = tempBuff - (UINT32)320*240;
 294   1              UINT32 vlcSize = 0;
 295   1              UINT32 srcAddr;
 296   1              UINT16 dstW, dstH, decW, decH;
C51 COMPILER V8.08   PB_EDIT                                                               12/31/2019 16:15:26 PAGE 6   

 297   1              UINT32 size = 0;
 298   1              UINT16 srcWidth,srcHeight;
 299   1              UINT32 dispAddr;
 300   1              
 301   1              if(vlcAddrWord) {
 302   2                      HAL_DispPbFrameBufferGet(&dispAddr,&srcWidth,&srcHeight);
 303   2                      //printf("src addr=%lx,w=%u,h=%u\n",dispAddr,srcWidth,srcHeight);
 304   2                      pbDecodeSizeGet(&decW, &decH);
 305   2                      sp1kNandRsvSizeGet(0x44, NULL, &size); /* 0320q850.hdr */
 306   2                      //printf("size: %lx\n", (UINT32)size);
 307   2                      
 308   2                      freeBuffAddr = freeBuffAddr + (UINT32)decW * (UINT32)decH * 2UL;
 309   2                      HAL_GprmDramFill(freeBuffAddr, 0x10000, 0); /* fill the 64KB dram with 0 */
 310   2                      
 311   2                      sp1kNandRsvRead(0x44, freeBuffAddr << 1);
 312   2                      
 313   2                      
 314   2                      *vlcAddrWord = freeBuffAddr;
 315   2                      freeBuffAddr += (size >> 1);
 316   2      
 317   2                      srcAddr = pbDispBuffGet(1);
 318   2                      dstW = SP1K_STARTUP_IMG_WIDTH;
 319   2                      dstH = SP1K_STARTUP_IMG_HEIGHT;
 320   2                      //printf("dec w=%u,h=%u\n",decW,decH);
 321   2                      if(decW<decH)//rotate img
 322   2                      {
 323   3                              HAL_GprmScale(pbDispBuffGet(1),srcWidth,srcHeight,scalBuff,176,240,tempBuff,1);
 324   3                              gprmBlackFill(tempBuff, PB_DECODE_WIDTH, PB_DECODE_HEIGHT);
 325   3                              HAL_GprmCopy(scalBuff,176,240,0,0,tempBuff,320,240,70,0,176,240,0,1);
 326   3                              srcAddr = tempBuff;
 327   3                      }else if((srcWidth!=320)||(srcHeight!=240)){ //no main Image source
 328   3                              if(srcWidth*9 == (srcHeight<<4))
 329   3                              {
 330   4                                      HAL_GprmScale(srcAddr,srcWidth,srcHeight,scalBuff,320,180,tempBuff,1);
 331   4                                      gprmBlackFill(tempBuff, PB_DECODE_WIDTH, PB_DECODE_HEIGHT);
 332   4                                      HAL_GprmCopy(scalBuff,320,180,0,0,tempBuff,320,240,0,30,320,180,0,1);
 333   4                                      srcAddr = tempBuff;
 334   4                              }
 335   3                              else
 336   3                              {
 337   4                                      HAL_GprmScale(srcAddr,srcWidth,srcHeight,scalBuff,320,240,tempBuff,1);
 338   4                                      srcAddr = scalBuff;
 339   4                              }
 340   3                      }
 341   2      
 342   2                      jpegQTableSet(SP1K_STARTUP_IMG_QTABLE, NULL, NULL, 1);
 343   2                      HAL_JpgZFactorSet( 100, 100, dstW, dstH, dstW, dstH, 0x00 );
 344   2                      //dramFileSave("SETUPIMG.YUV",srcAddr,(UINT32)320*240*2);
 345   2                      HAL_JpegEncode( srcAddr, freeBuffAddr, 0, 0x20, 1 );
 346   2                      HAL_JpegReadEncodeSize( &vlcSize);
 347   2                      
 348   2                      //if (vlcSize > 64UL * 1024UL) {
 349   2                              //printf("Image is too large, size %lu\n", vlcSize);
 350   2                      //}
 351   2      
 352   2          }            
 353   1          return (size + vlcSize);
 354   1      }
 355          #endif
 356          //xian --
 357          
 358          //xian ++ 20080604
C51 COMPILER V8.08   PB_EDIT                                                               12/31/2019 16:15:26 PAGE 7   

 359          /**
 360           * @fn        UINT16 pbExifOrt_2_RotOp(UINT16 exifOrient)
 361           * @brief     set exif rotate option
 362           * @param     [in] exifOrient : 1->0, 6->90, 3->180, 8->270
 363           * @retval    return = 0->0, 1->90, 2->180, 3->270
 364           * @see       NULL
 365           * @author    Tq.Zhang
 366           * @since     2010-5-6
 367           * @todo      N/A
 368           * @bug       N/A
 369          */
 370          #if (!STILL_LIB_PB_DMY)
 371          static UINT16 pbExifOrt_2_RotOp(UINT16 exifOrient)
 372          {
 373   1          UINT8 rotOp;    
 374   1          
 375   1          switch(exifOrient){
 376   2              case 1:
 377   2                  rotOp = (UINT16)PB_ROT_0;
 378   2                  break;            
 379   2              case 6:
 380   2                  rotOp = (UINT16)PB_ROT_90;
 381   2                  break;            
 382   2              case 3:
 383   2                  rotOp = (UINT16)PB_ROT_180;
 384   2                  break;            
 385   2              case 8:
 386   2                  rotOp = (UINT16)PB_ROT_270;
 387   2                  break;
 388   2              default:
 389   2                  rotOp = (UINT16)PB_ROT_0;
 390   2                  break;                    
 391   2          }
 392   1      
 393   1          return rotOp;
 394   1      }
 395          
 396          /**
 397           * @fn        UINT8 pbRotModeGet(void)
 398           * @brief     modified from pbDecRotModeGet(void).select a proper rotation value                  
 399           * @param     UINT8 option
 400                                                                  option =0; GPRM rotation paramter
 401                                                                  option =1; JPG rotation paramter
 402                                                                  option =2; Exif rotation parameter
 403           * @retval    return = SUCCESS / FAIL
 404           * @see       NULL
 405           * @author    hy.ren
 406           * @since     2011-03-29
 407           * @todo      N/A
 408           * @bug       N/A
 409          */
 410          UINT8 pbRotModeGet(UINT8 option)
 411          {
 412   1              UINT16 rotOp;
 413   1              UINT8 rotTab[3][4] = {
 414   1                              {0,5,3,6}, //GPRM Rotation flag
 415   1                              {0,5,6,3}, //JPG Rotation flag
 416   1                              {1,6,3,8}  //Exif Rotation flag
 417   1              };
 418   1              
 419   1              rotOp = pbExifOrt_2_RotOp(pbParam[PB_PARAM_EXIF_ORIENT]);
 420   1              pbLogPrintf("exifOrt = %u -> rotOp = %u\n", pbParam[PB_PARAM_EXIF_ORIENT], rotOp);
C51 COMPILER V8.08   PB_EDIT                                                               12/31/2019 16:15:26 PAGE 8   

 421   1      
 422   1              rotOp = rotOp + pbParam[PB_PARAM_ROT];
 423   1              if(rotOp >= PB_ROT_SET_NUM){
 424   2                      rotOp = rotOp - (UINT8)PB_ROT_SET_NUM;
 425   2              }
 426   1      
 427   1              return rotTab[option][rotOp];
 428   1      
 429   1      }
 430          
 431          UINT8 pbCropRotModeGet(PBGPRMRotParam_t rotMode)
 432          {
 433   1              switch( rotMode ){
 434   2                      case PB_GPRM_ROT_0:
 435   2                              rotMode = PB_GPRM_ROT_0;
 436   2                      break;            
 437   2                      case PB_GPRM_ROT_90:
 438   2                              rotMode = PB_GPRM_ROT_270;
 439   2                              break;            
 440   2                      case PB_GPRM_ROT_180:
 441   2                              rotMode = PB_GPRM_ROT_180;      
 442   2                      break;            
 443   2                      case PB_GPRM_ROT_270:           
 444   2                              rotMode = PB_GPRM_ROT_90;       
 445   2                      break;            
 446   2                      default:
 447   2                              break;
 448   2              }
 449   1      
 450   1              return rotMode;
 451   1      }
 452          
 453          /**
 454           * @fn        UINT16 pbExifOrientGet(void)
 455           * @brief     match exif rotation option with orient option
 456           * @param     NONE
 457           * @retval    return = SUCCESS / FAIL
 458           * @see       NULL
 459           * @author    Tq.Zhang
 460           * @since     2010-5-6
 461           * @todo      N/A
 462           * @bug       N/A
 463          */
 464          UINT16 pbExifOrientGet(void)
 465          {
 466   1              return 0;
 467   1      #if 0 //not use 
                  UINT16 rotOp;
                  UINT16 exifOrient = 1;
                  
                  rotOp = pbExifOrt_2_RotOp(pbParam[PB_PARAM_EXIF_ORIENT]);
              #if (DBG_Level > 1)     
                  DEBUG_PRINT("exifOrt = %u -> rotOp = %u\n", pbParam[PB_PARAM_EXIF_ORIENT], rotOp);
              #endif 
                  rotOp = rotOp + pbParam[PB_PARAM_ROT];      
              #if (DBG_Level > 1)
                  DEBUG_PRINT("rotOp = %u\n", rotOp);
              #endif 
                  if(rotOp >= PB_ROT_SET_NUM)
                      rotOp = rotOp - (UINT8)PB_ROT_SET_NUM;
                      
                  switch(rotOp){
C51 COMPILER V8.08   PB_EDIT                                                               12/31/2019 16:15:26 PAGE 9   

                      case PB_ROT_0:
                          exifOrient = 1;
                          break;            
                      case PB_ROT_90:
                          exifOrient = 6;
                          break;            
                      case PB_ROT_180:
                          exifOrient = 3;
                          break;            
                      case PB_ROT_270:
                          exifOrient = 8;
                          break;            
                      default:
                          break;
                  }
              #if (DBG_Level > 1)    
                  DEBUG_PRINT("rotOp = %u -> exifOrt = %u\n", rotOp, exifOrient);
              #endif //(DBG_Level > 1)
                      
                      //printf("exifOrient=%x\n",exifOrient);
                  return exifOrient;
              #endif
 505   1      }
 506          #endif
 507          /**
 508           * @fn        UINT8 pbImgRotate(PBFile_t* pFile)
 509           * @brief     modify rotate flag and save file
 510           * @param     [in] pFile
 511           * @retval    return = SUCCESS / FAIL
 512           * @see       NULL
 513           * @author    Tq.Zhang
 514           * @since     2010-5-6
 515           * @todo      N/A
 516           * @bug       N/A
 517          */
 518          #if (STILL_LIB_PB_DMY)
              UINT8 pbImgRotate(PBFile_t* pFile)
              {
                      pFile=pFile;
                      return SUCCESS;
              }
              #else
 525          UINT8 pbImgRotate(PBFile_t* pFile)
 526          {
 527   1      
 528   1              UINT8 sts, ret = SUCCESS;
 529   1              UINT16 fHdl;
 530   1              UINT32 fileSize;
 531   1              UINT32 dramEndAddr = K_SDRAM_TotalSize - 256UL;//512 Bytes reserved for DMA
 532   1              UINT32 freeBuffAddr = K_SDRAM_ImagePlaybackBufAddr;
 533   1              UINT32 srcAddr;
 534   1           UINT8 exifRot;
 535   1               
 536   1              ExifImage_t mainImage;
 537   1              //PbCropImage_t image;
 538   1              
 539   1              fHdl = vfsFileOpen(pFile->FileName, K_DOS_ReadFile, pFile->FileStartCluster);
 540   1              if (!fHdl) {
 541   2                      DBG_pbFuncTrack();
 542   2                      return FAIL;
 543   2              }
 544   1      
C51 COMPILER V8.08   PB_EDIT                                                               12/31/2019 16:15:26 PAGE 10  

 545   1              fileSize = vfsFileSizeGet(fHdl);
 546   1              srcAddr = dramEndAddr - (fileSize >> 1);
 547   1              sts = vfsFileRead(fHdl, K_DOS_DstDram, fileSize, srcAddr, 0);
 548   1      
 549   1              if (sts != TRUE) {
 550   2                      vfsFileClose(fHdl, pFile->FileName, K_DOS_ReadFile, 0);
 551   2                      DBG_pbFuncTrack();
 552   2                      return FAIL;
 553   2              }
 554   1          
 555   1              exifFillRotOpt = 0;
 556   1              
 557   1              sts = exifParserStart(exifGetMainInfo,&mainImage,srcAddr, fileSize);
 558   1              
 559   1              vfsFileClose(fHdl,  pFile->FileName, K_DOS_ReadFile, 0);
 560   1              if (sts != TRUE) {
 561   2                      return FAIL;
 562   2              }
 563   1              // add by rhy 20100329
 564   1              if(pbParam[PB_PARAM_JPG_ROT]){
 565   2                      Rotation_En =1;   //enable JPG rotation
 566   2              }
 567   1              #if 0 //real rotation funciton is not use ,so masked
                      if(Rotation_En){
                              image.srcWidth = mainImage.width;
                              image.srcHeight = mainImage.height;
                              pbEdit_ImgDec(pFile,PB_ROT,&image);
                              ret = pbEdit_Save(PB_ROT,image);
                      }
                      #endif
 575   1              //else{
 576   1      #if (DBG_Level > 1)
                      DEBUG_PRINT("org exif ort: %ld\n", exifRot);
              #endif 
 579   1      
 580   1              exifRot = (UINT32)pbRotModeGet(2);
 581   1      #if (DBG_Level > 1) 
                      DEBUG_PRINT("modify exif ort: %ld\n", exifRot);
              #endif 
 584   1              exifFillRotOpt = 1;
 585   1              sts = exifParserStart(exifGetMainInfo,&mainImage,srcAddr, fileSize);
 586   1              exifSetIFDData(EXIF_IFD_0,EXIF_TAG_ORIENTATION,1,exif_swap_ushort((UINT16)exifRot));
 587   1              
 588   1              ret = pbEditFileMake(srcAddr, fileSize);
 589   1              exifFillRotOpt = 0;
 590   1              //}   
 591   1              return ret;
 592   1      }
 593          #endif
 594          //xian --
 595          
 596          //xian ++ 20080616
 597          //return file addr
 598          /**
 599           * @fn        UINT32 pbEditFileLoad(PBFile_t* pFile, Exif_Decompress_Parameter* mainPara, Exif_Decompress_
             -Parameter* thumbPara, Exif_Decompress_Parameter* qvPara)
 600           * @brief     read and parse file
 601           * @param     [in] pFile
 602           * @param     [in] mainPara
 603           * @param     [in] thumbPara
 604           * @param     [in] qvPara
 605           * @retval    return = file address
C51 COMPILER V8.08   PB_EDIT                                                               12/31/2019 16:15:26 PAGE 11  

 606           * @see       NULL
 607           * @author    Tq.Zhang
 608           * @since     2010-5-6
 609           * @todo      N/A
 610           * @bug       N/A
 611          */
 612          #if (!STILL_LIB_PB_DMY)
 613          UINT32 pbEditFileLoad(
 614                  PBFile_t* pFile,
 615                  ExifImage_t* mainPara, 
 616                  ExifImage_t* thumbPara,
 617                  ExifImage_t* qvPara
 618          )
 619          {
 620   1              UINT8 sts;
 621   1              UINT32 dramEndAddr = K_SDRAM_TotalSize - 256UL;//512 Bytes reserved for DMA
 622   1              UINT32 freeBuffAddr = K_SDRAM_ImagePlaybackBufAddr;
 623   1              UINT32 fileSize, fileAddr;
 624   1              UINT16 fHdl;
 625   1      
 626   1              OrderToAddr(freeBuffAddr, 16);
 627   1          
 628   1              fHdl = vfsFileOpen(pFile->FileName, K_DOS_ReadFile, pFile->FileStartCluster);
 629   1              if (!fHdl) {
 630   2                      DBG_pbFuncTrack();
 631   2                      return FAIL;
 632   2              }
 633   1      
 634   1              fileSize = vfsFileSizeGet(fHdl);
 635   1              fileAddr = dramEndAddr - (fileSize >> 1);
 636   1              sts = vfsFileRead(fHdl, K_DOS_DstDram, fileSize, fileAddr, 0);
 637   1      
 638   1              if (sts != TRUE) {
 639   2                      vfsFileClose(fHdl, pFile->FileName, K_DOS_ReadFile, 0);
 640   2                      DBG_pbFuncTrack();
 641   2                      return FAIL;
 642   2              }
 643   1              sts = exifParserStart(exifGetThumbInfo,thumbPara,fileAddr, fileSize);// bug here 
 644   1              sts = exifParserStart(exifGetMainInfo,mainPara,fileAddr, fileSize);
 645   1              sts = exifParserStart(exifGetQVInfo,qvPara,fileAddr, fileSize);
 646   1              
 647   1              vfsFileClose(fHdl,  pFile->FileName, K_DOS_ReadFile, 0);
 648   1              if (sts != TRUE) {
 649   2                      DBG_pbFuncTrack();
 650   2                      return FAIL;
 651   2              }
 652   1      #if 0
                      if (qvPara && exifAppN) {
                              qvPara->addr = exifQvVlcAddr;
                              qvPara->dataType = mainPara->dataType;
                              qvPara->width = exifQvXSize;
                              qvPara->height = exifQvYSize;
                      }
              #endif
 660   1              //printf("fileAddr = 0x%lx\n", fileAddr);
 661   1              return fileAddr;
 662   1      }
 663          
 664          //return SUCCESS/FAIL
 665          /**
 666           * @fn        UINT8 pbEditScaleFacCal(UINT32 bufSize, UINT16 srcW, UINT16 srcH, UINT16 dstW)
 667           * @brief     get edit scale factor
C51 COMPILER V8.08   PB_EDIT                                                               12/31/2019 16:15:26 PAGE 12  

 668           * @param     [in] bufSize
 669           * @param     [in] srcW
 670           * @param     [in] srcH
 671           * @param     [in] dstW
 672           * @retval    return = SUCCESS / FAIL
 673           * @see       NULL
 674           * @author    Tq.Zhang
 675           * @since     2010-5-6
 676           * @todo      N/A
 677           * @bug       N/A
 678          */
 679          static UINT8 pbEditScaleFacCal(
 680                  UINT32 bufSize,
 681                  UINT16 srcW,
 682                  UINT16 srcH,
 683                  UINT16 dstW
 684          )
 685          {
 686   1              UINT32 tmpFac;
 687   1              UINT8 fac;
 688   1      
 689   1              //scale fac: w*h*(fac/8)*(fac/8)
 690   1              tmpFac = (bufSize << 6) / ((UINT32)srcW * (UINT32)srcH);
 691   1      #if (DBG_Level > 1)     
                      DEBUG_PRINT("tmpFac = %ld\n", tmpFac);
              #endif //(DBG_Level > 1)
 694   1              
 695   1              fac = 0x08;
 696   1              while(fac) {
 697   2                      if((UINT32)fac * (UINT32)fac > tmpFac) {
 698   3                              //fac--;        /*if jpg engine can set roi, fac can be odd then. */
 699   3                              fac-=2;         /*width should be multiple of 16*/
 700   3                      } else {
 701   3                              break;
 702   3                      }
 703   2              }
 704   1      
 705   1              if (srcW > dstW) {
 706   2                      //while (((srcW >> 3) * --fac) > dstW);
 707   2                      while (((srcW >> 3) * fac) > dstW)  //modified by rhy,20100328
 708   2                              fac--;
 709   2                      if(fac == 0) {
 710   3                              fac = 1;
 711   3                      }// decopress width < decWidth
 712   2              } else if ( tmpFac > 64) {
 713   2                      fac = 0;
 714   2              }
 715   1      
 716   1              if (fac) {
 717   2              if (((UINT32)srcW * (UINT32)srcH * (UINT32)fac * (UINT32)fac)
 718   2                  > (bufSize << 6)){
 719   3                              DBG_pbFuncTrack();
 720   3                              return 0xff;
 721   3              }        
 722   2              } else {
 723   2              if (((UINT32)srcW * (UINT32)srcH) > (bufSize << 3)){
 724   3                              DBG_pbFuncTrack();
 725   3                              return 0xff;
 726   3              }        
 727   2              }
 728   1      #if (DBG_Level > 1)             
                      DEBUG_PRINT("fac %bu\n", fac); 
C51 COMPILER V8.08   PB_EDIT                                                               12/31/2019 16:15:26 PAGE 13  

              #endif //(DBG_Level > 1)   
 731   1              return fac;
 732   1      }
 733          
 734          /**
 735           * @fn        UINT8 pbEditDec(Exif_Decompress_Parameter* imagePara, UINT32 decAddr, UINT32 endAddr, UINT16
             - *dstWidth, UINT16 *dstHeight)
 736           * @brief     decode image
 737           * @param     [in] imagePara
 738           * @param     [in] decAddr
 739           * @param     [in] endAddr
 740           * @param     [in] dstWidth
 741           * @param     [in] dstHeight
 742           * @retval    return = SUCCESS / FAIL
 743           * @see       NULL
 744           * @author    Tq.Zhang
 745           * @since     2010-5-6
 746           * @todo      N/A
 747           * @bug       N/A
 748          */
 749          static UINT8 pbEditDec(
 750                  ExifImage_t* imagePara,
 751                  UINT32 decAddr,
 752                  UINT32 fileAddr,
 753                  UINT32 endAddr,
 754                  UINT16 *dstWidth,   //input/output
 755                  UINT16 *dstHeight   //input/output
 756          )
 757          {
 758   1              UINT8 opt;
 759   1              UINT32 srcAddr, tmpDecAddr, tmpCentAddr, tmpScaleAddr;
 760   1              UINT16 srcW, srcH;
 761   1              UINT16 dstW, dstH;
 762   1              UINT16 decW, decH, dmyW;
 763   1              UINT16 tmpBlkH, tmpOffH; //when buffer is not enough to move center
 764   1              UINT8 fac;
 765   1      
 766   1              if (imagePara->dataType == K_File_DataType_YUV420) {
 767   2                      opt = 0x05;
 768   2              } else if (imagePara->dataType == K_File_DataType_YUV422) {
 769   2                      opt = 0x04;
 770   2              } else {
 771   2                      printf("YUV err\n");
 772   2                      return FAIL;
 773   2              }
 774   1      
 775   1              srcAddr = imagePara->addr;
 776   1              srcW = imagePara->width;
 777   1              srcH = imagePara->height;
 778   1              dstW = *dstWidth;
 779   1              dstH = *dstHeight;
 780   1      
 781   1              if ((srcW & 0x000f) != 0x00) {
 782   2                      OrderToAddr(srcW, 16);
 783   2              }
 784   1      
 785   1              fac = pbEditScaleFacCal(endAddr - decAddr, srcW, srcH, dstW);
 786   1              if(fac == 0xff)
 787   1                      return FAIL;
 788   1      
 789   1              dmyW = 0;
 790   1              if(fac){
C51 COMPILER V8.08   PB_EDIT                                                               12/31/2019 16:15:26 PAGE 14  

 791   2                      decW = (((srcW * (UINT16)fac) >> 3));
 792   2                      decH = (((srcH * (UINT16)fac) >> 3));
 793   2                      dmyW = decW & 0x7;
 794   2      
 795   2                      if(dmyW){
 796   3                              dmyW = 8 - dmyW;
 797   3                              decW += dmyW;
 798   3                      }
 799   2      
 800   2                      if(((decW > dstW || decH > dstH) || (decAddr + (UINT32)decW *decH) >= fileAddr)&& fac > 1){
 801   3                              fac --;
 802   3                              decW = (((srcW * (UINT16)fac) >> 3));
 803   3                              decH = (((srcH * (UINT16)fac) >> 3));
 804   3                              dmyW = decW & 0x7;
 805   3      
 806   3                              if(dmyW){
 807   4                                      dmyW = 8 - dmyW;
 808   4                                      decW += dmyW;
 809   4                              }
 810   3                      }
 811   2              }
 812   1              else{
 813   2                      decW = srcW;
 814   2                      decH = srcH;
 815   2              }  
 816   1      
 817   1              //alloc addr : tmpDecAddr -> tmpCentAddr -> decAddr
 818   1              if(decW > dstW || decH > dstH){// 3 buffers
 819   2                      tmpDecAddr = decAddr;
 820   2                      tmpCentAddr = decAddr + (UINT32)decW * (UINT32)decH;
 821   2                      tmpScaleAddr = tmpCentAddr + (UINT32)decW * (UINT32)decH;
 822   2                      if((tmpScaleAddr + (UINT32)decW * (UINT32)dstH) > endAddr) {
 823   3                              DBG_pbFuncTrack();
 824   3                              return FAIL;
 825   3                      } 
 826   2                          
 827   2                      if(dmyW){// move to center, scale down
 828   3                              tmpBlkH = decH;
 829   3                      }
 830   2                      else{// scale down only
 831   3                              tmpDecAddr = tmpCentAddr;
 832   3                      }
 833   2              }
 834   1              else if(dmyW){// 2 buffers        
 835   2                      tmpDecAddr = decAddr + (UINT32)decW * (UINT32)decH;
 836   2                      tmpCentAddr = decAddr;
 837   2                      tmpScaleAddr = 0;
 838   2                      if((tmpDecAddr + (UINT32)decW * (UINT32)decH) > endAddr) {
 839   3                              tmpBlkH = ((endAddr - decAddr)/(UINT32)decW - decH) & ~7;
 840   3                              #if (DBG_Level > 1)                             
                                              DEBUG_PRINT("tmpBlkH=%u\n", tmpBlkH); 
                                      #endif //(DBG_Level > 1)  
 843   3                              tmpDecAddr = decAddr + (UINT32)decW * (UINT32)tmpBlkH;
 844   3      
 845   3                              if(!tmpBlkH){
 846   4                                      DBG_pbFuncTrack();
 847   4                                      return FAIL;
 848   4                              }
 849   3                      }
 850   2                      else{
 851   3                              tmpBlkH = decH;
 852   3                      }
C51 COMPILER V8.08   PB_EDIT                                                               12/31/2019 16:15:26 PAGE 15  

 853   2      
 854   2              }
 855   1              else{// 1 buffer
 856   2                      tmpDecAddr = decAddr;
 857   2                      tmpCentAddr = 0; 
 858   2                      tmpScaleAddr = 0;        
 859   2              }
 860   1      #if (DBG_Level > 1)          
                      //DEBUG_PRINT("size : %u, %u, %u, %u, %u\n", srcW, srcH, decW, decH, dmyW);
                  //printf("addr : 0x%lx -> 0x%lx (0x%lx, 0x%lx, 0x%lx)\n", srcAddr, decAddr, tmpDecAddr, tmpCentAddr, t
             -mpScaleAddr);
              #endif //(DBG_Level > 1)  
 864   1      
 865   1              //printf("size : %d, %d, %d, %d, %bd\n", srcW, srcH, decW, decH, fac);
 866   1              //printf("vlc src addr=0x%lx\n",srcAddr);
 867   1              //printf("vlc yuv addr=0x%lx\n",tmpDecAddr);
 868   1              //printf("opt=%bd\n",opt);
 869   1      
 870   1              if( exifVlcAtOdd == 0 ) {
 871   2                      HAL_JpegDecode(srcAddr, srcW, srcH, tmpDecAddr, fac, opt, G_JpgRstMcuNum);
 872   2              }
 873   1              else {
 874   2                      HAL_JpegDecode(srcAddr, srcW, srcH, tmpDecAddr, fac, ( opt | 0x10 ), G_JpgRstMcuNum );
 875   2              }
 876   1      
 877   1              //dramFileSave("PBMAIN00.YUV", decAddr, (UINT32)srcW*srcH*2);
 878   1              
 879   1              if(dmyW){//move to center
 880   2                      tmpOffH = 0;
 881   2                      while(tmpOffH < decH){
 882   3                              if(decH - tmpOffH < tmpBlkH){
 883   4                                      tmpBlkH = decH - tmpOffH;
 884   4                              }
 885   3      
 886   3                              gprmBlackFill(tmpCentAddr + (UINT32)tmpOffH * (UINT32)decW, decW, tmpBlkH);   //fill dst buffer
 887   3                              HAL_GprmCopy(
 888   3                                      tmpDecAddr + (UINT32)tmpOffH * (UINT32)decW,
 889   3                                      decW, tmpBlkH, 0, 0,
 890   3                                      tmpCentAddr + (UINT32)tmpOffH * (UINT32)decW,
 891   3                                      decW, tmpBlkH, ((dmyW >> 1) & ~0x01), 0,
 892   3                                      decW - dmyW, tmpBlkH,
 893   3                                      0,
 894   3                                      1
 895   3                              );
 896   3      
 897   3                              tmpOffH += tmpBlkH;
 898   3                      }
 899   2              }
 900   1      //printf("decW=%u,decH=%u,dstW=%u,dstH=%u\n",decW,decH,dstW,dstH);
 901   1              if(tmpScaleAddr){       /*scale down*/
 902   2                      HAL_GprmScale(
 903   2                              tmpCentAddr,
 904   2                              decW, decH,
 905   2                              decAddr,
 906   2                              dstW, dstH,
 907   2                              tmpScaleAddr,
 908   2                              1
 909   2                      );
 910   2                      decW = dstW;
 911   2                      decH = dstH;
 912   2              }
 913   1                  
C51 COMPILER V8.08   PB_EDIT                                                               12/31/2019 16:15:26 PAGE 16  

 914   1              *dstWidth = decW;
 915   1              *dstHeight = decH;
 916   1      
 917   1              //dramFileSave("PBDOWN00.YUV", decAddr, (UINT32)dstW*dstH*2);
 918   1              
 919   1              #if (DBG_Level > 1)        
                              DEBUG_PRINT("decW=%u, decH=%u\n", decW, decH);   
                      #endif 
 922   1              
 923   1              return SUCCESS;
 924   1      }
 925          
 926          //return addr
 927          UINT32 pbEditImgMoveBufEnd(UINT32 srcAddr, UINT16 imgW, UINT32 imgH, UINT32 endBufAddr)
 928          {
 929   1          UINT32 dstAddr = srcAddr;
 930   1          UINT32 blkBufSize;
 931   1          UINT16 blkH, tolH;
 932   1      
 933   1      #if (DBG_Level > 1)   
                  printf("move end from : 0x%lx\n", srcAddr);
              #endif //(DBG_Level > 1)  
 936   1          srcAddr += (UINT32)imgW * (UINT32)imgH; //end addr
 937   1          if((srcAddr + imgW*2) >= endBufAddr) //  at least 2 lines buffer
 938   1              return dstAddr; //not move
 939   1              
 940   1          blkBufSize = ((endBufAddr - srcAddr - 16) & ~15);    
 941   1          if(blkBufSize/(UINT32)imgW > (UINT32)imgH)
 942   1              blkH = imgH;
 943   1          else
 944   1              blkH = (UINT16)(blkBufSize/(UINT32)imgW);
 945   1       #if (DBG_Level > 1)    
                  DEBUG_PRINT("blkH=%u\n", blkH);
               #endif //(DBG_Level > 1)     
 948   1          if(blkH){
 949   2              dstAddr = endBufAddr & ~15;
 950   2      
 951   2              tolH = 0;
 952   2              while(tolH < imgH){
 953   3                  if(imgH - tolH < blkH)
 954   3                      blkH = imgH - tolH;
 955   3                  
 956   3                  tolH += blkH;
 957   3                  
 958   3                      HAL_GprmCopy(
 959   3                              srcAddr - (UINT32)imgW * (UINT32)tolH,
 960   3                              imgW, blkH, 0, 0,
 961   3                              dstAddr - (UINT32)imgW * (UINT32)tolH,
 962   3                              imgW, blkH, 0, 0,
 963   3                              imgW, blkH,
 964   3                              0,
 965   3                              1
 966   3                      );
 967   3              }
 968   2              dstAddr = dstAddr - (UINT32)imgW * (UINT32)tolH;        
 969   2          }
 970   1          else{
 971   2              dstAddr = srcAddr;
 972   2          }
 973   1      #if (DBG_Level > 1)     
                  DEBUG_PRINT("           to : 0x%lx\n", dstAddr);
              #endif //(DBG_Level > 1)  
C51 COMPILER V8.08   PB_EDIT                                                               12/31/2019 16:15:26 PAGE 17  

 976   1          return dstAddr;
 977   1      }
 978          
 979          UINT8 pbEdit_ImgDec(PBFile_t* pFile,pbEditType_t editType,PbCropImage_t *cropRec)
 980          {
 981   1              ExifImage_t mainImge;
 982   1      
 983   1              UINT8 ret = SUCCESS;
 984   1              UINT32 dramEndAddr = K_SDRAM_TotalSize - 256UL;//512 Bytes reserved for DMA
 985   1              UINT32 freeBuffAddr = K_SDRAM_ImagePlaybackBufAddr;
 986   1              UINT32  fileAddr, decAddr;
 987   1              UINT32 hdrSize = (PB_EDIT_IMG_HDR_SIZE * 2UL);
 988   1              UINT32 yuvBufInterval;
 989   1              UINT16 decW, decH;
 990   1              UINT8 rotMode;
 991   1              UINT32 rotBufAddr;
 992   1              UINT16 temp;
 993   1              
 994   1              OrderToAddr(freeBuffAddr, 16);
 995   1              if(editType != PB_CROP){
 996   2                  fileAddr = pbEditFileLoad(pFile, &mainImge, NULL, NULL);
 997   2                  if(!fileAddr){
 998   3                      return FAIL;
 999   3                  }
1000   2              }
1001   1              else{
1002   2                      mainImge.width = pFile->MediaWidth;
1003   2                      mainImge.height = pFile->MediaHeight;
1004   2              }
1005   1              yuvBufInterval = (UINT32)PB_EDIT_CDSP_DO_LINE_NUM * ((mainImge.width>1024)?(UINT32)mainImge.width:1024UL)
             -; // reserved for overlay
1006   1              if (yuvBufInterval> ((UINT32)PB_DECODE_QV_WIDTH*PB_DECODE_QV_HEIGHT*2 + (UINT32)PB_DECODE_THB_WIDTH*128)        
             -){
1007   2                      decAddr=  freeBuffAddr + yuvBufInterval+ (hdrSize>>1);
1008   2              }
1009   1              else{
1010   2                      decAddr=  freeBuffAddr + (hdrSize>>1) + (UINT32)PB_DECODE_QV_WIDTH*PB_DECODE_QV_HEIGHT + (UINT32)PB_DECO
             -DE_THB_WIDTH*128;//real rotation thumbnail height is 128
1011   2              }
1012   1      
1013   1              OrderToAddr(decAddr, 16);
1014   1              //printf("freeBuffAddr=0x%lx,decAddr=0x%lx\n",freeBuffAddr,decAddr);
1015   1              
1016   1              switch(editType){
1017   2                      case PB_ROT:
1018   2                              #if 0 //real rotation funciton is not use ,so masked
                                      if(Rotation_En){
                                              decW = MCU_ALIGN(mainImge.width, 16);
                                              decH = MCU_ALIGN(mainImge.height, 16);
                                              cropRec->recWidth = MCU_ALIGN(cropRec->srcWidth,16);
                                              cropRec->recHeight = MCU_ALIGN(cropRec->srcHeight,16);   //keep MCU Align;
                                      }
                                      #endif
1026   2                      break;
1027   2                      case PB_RESIZE:
1028   2                              cropRec->recWidth = cropRec->srcWidth;
1029   2                              cropRec->recHeight = cropRec->srcHeight;
1030   2                              decW = cropRec->recWidth;
1031   2                              decH = cropRec->recHeight;
1032   2                      break;
1033   2                      case PB_IMG_EFFECT: //effect ...
1034   2                              decW = mainImge.width;
C51 COMPILER V8.08   PB_EDIT                                                               12/31/2019 16:15:26 PAGE 18  

1035   2                              decH = mainImge.height;
1036   2                              cropRec->recWidth = mainImge.width;
1037   2                              cropRec->recHeight = mainImge.height;
1038   2                      break;
1039   2                      case PB_CROP:
1040   2                              
1041   2                              cropRec->recWidth =  MCU_ALIGN(cropRec->recWidth,8); //keep corp region aligment 
1042   2                              cropRec->recHeight =  MCU_ALIGN(cropRec->recHeight,8);
1043   2                              freeBuffAddr = decAddr + (UINT32)cropRec->srcWidth*cropRec->srcHeight;
1044   2                              
1045   2                              /* get GPRM rotation parameter  */      
1046   2                              rotMode = pbCropRotModeGet(pbDecRotModeGet());
1047   2                              if(rotMode & 0x4){
1048   3                                      cropRec->startX = MCU_ALIGN(cropRec->startX,2);
1049   3                                      cropRec->startY = MCU_ALIGN(cropRec->startY,2);
1050   3                                      rotBufAddr = freeBuffAddr + (UINT32)cropRec->srcWidth*cropRec->srcHeight;
1051   3                                      if(rotBufAddr > K_SDRAM_TotalSize){
1052   4                                              return FAIL;
1053   4                                      }
1054   3                                      //printf("crop w=%u,h=%u,start X=%u,y=%u\n",cropRec->recWidth,
1055   3                                      //cropRec->recHeight,cropRec->startX,cropRec->startY);
1056   3                                      #if 0
                                              HAL_GprmRotExt(
                                                      rotMode, 
                                                      cropRec->srcAddrW, 
                                                      freeBuffAddr,
                                                      cropRec->srcWidth, cropRec->srcHeight,
                                                      cropRec->startX, cropRec->startY,
                                                      cropRec->recWidth, cropRec->recHeight,
                                                      1
                                              );      
                                              #else 
1067   3                                      HAL_GprmCopy(
1068   3                                              cropRec->srcAddrW,
1069   3                                              cropRec->srcWidth, cropRec->srcHeight,cropRec->startX, cropRec->startY,
1070   3                                              rotBufAddr, //temp buffer ...
1071   3                                              cropRec->recWidth, cropRec->recHeight, 0, 0,  
1072   3                                              cropRec->recWidth, cropRec->recHeight,
1073   3                                              0,
1074   3                                              1
1075   3                                      );
1076   3      
1077   3                                      HAL_GprmRot(
1078   3                                              rotMode, 
1079   3                                              rotBufAddr, 
1080   3                                              freeBuffAddr,
1081   3                                              cropRec->recWidth, cropRec->recHeight,
1082   3                                              1
1083   3                                      );
1084   3                                      #endif
1085   3                                      
1086   3                                      temp = cropRec->recWidth;
1087   3                                      cropRec->recWidth = cropRec->recHeight;
1088   3                                      cropRec->recHeight = temp;
1089   3                              }
1090   2                              else{ 
1091   3                                      HAL_GprmCopy(
1092   3                                              cropRec->srcAddrW,
1093   3                                              cropRec->srcWidth, cropRec->srcHeight,cropRec->startX, cropRec->startY,
1094   3                                              freeBuffAddr,
1095   3                                              cropRec->recWidth, cropRec->recHeight, 0, 0,  
1096   3                                              cropRec->recWidth, cropRec->recHeight,
C51 COMPILER V8.08   PB_EDIT                                                               12/31/2019 16:15:26 PAGE 19  

1097   3                                              0,
1098   3                                              1
1099   3                                      );
1100   3                              }
1101   2                      
1102   2                              HAL_GprmCopy(
1103   2                                      freeBuffAddr,
1104   2                                      cropRec->recWidth, cropRec->recHeight, 0, 0,  
1105   2                                      decAddr,
1106   2                                      cropRec->recWidth, cropRec->recHeight, 0, 0,  
1107   2                                      cropRec->recWidth, cropRec->recHeight,
1108   2                                      0,
1109   2                                      1
1110   2                              );
1111   2                              //printf("rec w=%u,h=%u\n",cropRec->recWidth,cropRec->recHeight);
1112   2                              cropRec->srcAddrW = decAddr;
1113   2                              cropRec->srcWidth = cropRec->recWidth;
1114   2                              cropRec->srcHeight = cropRec->recHeight;
1115   2                              cropRec->recWidth= mainImge.width;
1116   2                              cropRec->recHeight= mainImge.height;
1117   2                              
1118   2                              goto quick_exit;
1119   2                      break;
1120   2              }
1121   1              
1122   1              /* decode Main YUV       */                     
1123   1              ret = pbEditDec(&mainImge, decAddr, fileAddr,dramEndAddr, &decW, &decH);
1124   1              if(ret){
1125   2                      return FAIL;
1126   2              }
1127   1              
1128   1              cropRec->srcAddrW = decAddr; 
1129   1              cropRec->srcWidth = decW;
1130   1              cropRec->srcHeight = decH;
1131   1      quick_exit:
1132   1      
1133   1              //dramFileSave("OOOOVVVV.YUV", decAddr, (UINT32)cropRec->srcWidth*cropRec->srcHeight*2);
1134   1              return ret;
1135   1      }
1136          
1137          UINT8 pbEdit_Save(pbEditType_t imgEffect,PbCropImage_t cropRec)
1138          {
1139   1              UINT8 ret = FAIL;
1140   1              UINT32 dramEndAddr = K_SDRAM_TotalSize - 256UL;//512 Bytes reserved for DMA
1141   1              UINT32 freeBuffAddr = K_SDRAM_ImagePlaybackBufAddr;
1142   1              UINT32 hdrAddr;
1143   1              UINT32 effetAddr1;
1144   1              UINT32 hdrSize = PB_EDIT_IMG_HDR_SIZE * 2UL;
1145   1              UINT16 hfac = 100,vfac = 100;
1146   1              UINT32 effAddr;
1147   1              UINT32 tmbEffAddr;//qvEffAddr; 
1148   1              UINT32 sclTmpAddr;
1149   1              UINT32 vlcAddr;
1150   1              UINT32 vlcSize;
1151   1              UINT32 mainVlcAddr, tmbVlcSize, mainVlcSize;
1152   1              UINT32 size;   
1153   1              UINT8 sizeFlag;
1154   1              UINT8 yuvType = 0x20;
1155   1          UINT8 option = 0; //default value
1156   1              UINT8 rotation = 0;
1157   1              UINT16 RotThumbHeight = PB_DECODE_THB_HEIGHT;
1158   1              UINT32 dstWidth;
C51 COMPILER V8.08   PB_EDIT                                                               12/31/2019 16:15:26 PAGE 20  

1159   1              UINT32 dstHeight;
1160   1              UINT16 qvWidth=PB_DECODE_QV_WIDTH;
1161   1              UINT16 qvHeight =PB_DECODE_QV_HEIGHT;
1162   1              UINT16 thbWidth=PB_DECODE_THB_WIDTH;
1163   1              UINT16 thbHeight =PB_DECODE_THB_HEIGHT; //default value ...
1164   1              exifJpgFileInfo_t jpgExifInfo;
1165   1              
1166   1              OrderToAddr(freeBuffAddr, 16);
1167   1          pbLogPrintf("buf: 0x%lx\n", freeBuffAddr);
1168   1      
1169   1              //printf("srcw=%u,srch=%u,recw=%u,rech=%u\n",cropRec.srcWidth,cropRec.srcHeight,cropRec.recWidth,cropRec.
             -recHeight);
1170   1              /*real rotation image ...*/
1171   1              if((cropRec.srcWidth < cropRec.srcHeight) && ((pbRotModeGet(0)!= 0x6) ||(pbRotModeGet(0)!= 0x8)) ){ //rea
             -l rotation image...
1172   2                      dstWidth = MCU_ALIGN(cropRec.recHeight,16);
1173   2                      dstHeight = MCU_ALIGN( cropRec.recWidth,16);
1174   2                      
1175   2                      qvWidth = PB_DECODE_QV_HEIGHT;
1176   2                      qvHeight = PB_DECODE_QV_WIDTH;
1177   2                      thbHeight = PB_DECODE_THB_WIDTH;
1178   2                      RotThumbHeight = PB_DECODE_THB_WIDTH;
1179   2                      thbWidth = 128;
1180   2              }
1181   1              else{
1182   2                      dstWidth = cropRec.recWidth;
1183   2                      dstHeight = cropRec.recHeight;
1184   2              }
1185   1              #if 0 //real rotation funciton is not use ,so masked
                      if(Rotation_En){ //add by rhy 20100328,add the function of really rotation.
                              rotation = pbRotModeGet(1);
                              yuvType |= (rotation<<2);
                              option = rotation;
                      }
                      #endif
1192   1              exifVlcAtOdd = 0;
1193   1              
1194   1              /* Do QV YUV */         
1195   1              effAddr = freeBuffAddr + (hdrSize>>1); //reserved 64Kb buffer 
1196   1              OrderToAddr(effAddr,16);
1197   1              effetAddr1 = effAddr;
1198   1      
1199   1              if(cropRec.recWidth*3 != 4*cropRec.recHeight){ //
1200   2                      gprmBlackFill(effAddr,qvWidth, qvHeight);
1201   2                      effAddr += qvWidth*30;
1202   2                      qvHeight = 180;
1203   2              }
1204   1              /*attention,if srcwidth and srcheight < dstwidth and dstheight,can't use pbCdspEffectDo*/
1205   1              if( imgEffect&0x10 ){
1206   2                      //qvEffAddr = effAddr + (UINT32)qvWidth * qvHeight;
1207   2                      sclTmpAddr = cropRec.srcAddrW +  (UINT32)cropRec.srcWidth*cropRec.srcHeight;
1208   2                      HAL_GprmScale(
1209   2                              cropRec.srcAddrW,
1210   2                              cropRec.srcWidth, cropRec.srcHeight,
1211   2                              effAddr,
1212   2                              qvWidth, qvHeight,
1213   2                              sclTmpAddr,
1214   2                              1
1215   2                      );
1216   2              }                       
1217   1              else{
1218   2                      pbCdspEffectDo(imgEffect , cropRec.srcAddrW, cropRec.srcWidth, cropRec.srcHeight, effAddr, qvWidth, qvHe
C51 COMPILER V8.08   PB_EDIT                                                               12/31/2019 16:15:26 PAGE 21  

             -ight); 
1219   2              }
1220   1              qvHeight = 240;
1221   1              effAddr = effetAddr1; 
1222   1              
1223   1              //dramFileSave("QQQQVVVV.YUV", effAddr, (UINT32)qvWidth*qvHeight*2);
1224   1              /* Do thumbnail YUV      */ 
1225   1              tmbEffAddr = effAddr + (UINT32)qvWidth * qvHeight;
1226   1              #if 0  //not use 
                      /* GPRM scale down from qv to thumbnail */
                      sclTmpAddr = tmbEffAddr + (UINT32)thbWidth* thbHeight;
                      if(sclTmpAddr + (UINT32)thbWidth* thbHeight> dramEndAddr){
                              DBG_pbFuncTrack();
                              return FAIL;
                      }
                      #endif
1234   1              #if 0//real rotation funciton is not use ,so masked
                      if(Rotation_En ){
                              if(rotation&0x1){
                                      RotThumbHeight = 128;
                              }
                      }
                      #endif
1241   1              HAL_GprmScale(
1242   1                      effAddr,
1243   1                      qvWidth, qvHeight,
1244   1                      tmbEffAddr,
1245   1                      thbWidth, RotThumbHeight,
1246   1                      freeBuffAddr,
1247   1                      1
1248   1              );
1249   1              pbLogPrintf("thb addr= 0x%lx\n", tmbEffAddr);
1250   1              //dramFileSave("PBTHM001.YUV", tmbEffAddr, (UINT32)PB_DECODE_THB_WIDTH*RotThumbHeight*2);
1251   1              jpgExifInfo.qvQidx = 85;
1252   1              
1253   1              do{     
1254   2                      sizeFlag = FALSE; //init falg;
1255   2                      vlcAddr = freeBuffAddr;
1256   2                      jpegQTableSet(jpgExifInfo.qvQidx, NULL, NULL, 1); 
1257   2                      HAL_JpgZFactorSet( hfac, vfac, qvWidth, qvHeight, qvWidth, qvHeight, option);
1258   2      
1259   2                      HAL_JpegEncode( effAddr, vlcAddr, 0, yuvType/*0x20*/, 1 );
1260   2                      HAL_JpegReadEncodeSize( &vlcSize);
1261   2                      
1262   2                      jpgExifInfo.qvVlcAddrW = vlcAddr;
1263   2                      jpgExifInfo.qvSize = vlcSize;
1264   2                      jpgExifInfo.qvWidth = qvWidth;
1265   2                      jpgExifInfo.qvHeight = qvHeight;
1266   2                      #if 0//real rotation funciton is not use ,so masked
                              if(Rotation_En ){
                                      if(rotation&0x1 ){
                                              exifQvXSize = PB_DECODE_QV_HEIGHT;
                                              exifQvYSize = PB_DECODE_QV_WIDTH;
                                      }
                              }
                              #endif
1274   2                      pbLogPrintf("qv vlc: 0x%lx, 0x%lx\n", vlcAddr, vlcSize);
1275   2                      
1276   2                      /* generate Tmb VLC  */           
1277   2                      vlcAddr = vlcAddr + ((vlcSize + 1)>> 1) ;
1278   2      
1279   2                      jpgExifInfo.thbQidx = 85;
C51 COMPILER V8.08   PB_EDIT                                                               12/31/2019 16:15:26 PAGE 22  

1280   2                      jpegQTableSet(jpgExifInfo.thbQidx, NULL, NULL, 1);
1281   2                      #if 0//real rotation funciton is not use ,so masked
                              if(Rotation_En ){               
                                      HAL_JpgZFactorSet( hfac, vfac, thbWidth, RotThumbHeight, thbWidth, RotThumbHeight, option );
                              }
                              else{
                                      HAL_JpgZFactorSet( hfac, vfac, thbWidth, thbHeight, thbWidth, thbHeight, option );
                              }
                              #endif
1289   2                      HAL_JpgZFactorSet( hfac, vfac, thbWidth, thbHeight, thbWidth, thbHeight, option );
1290   2                      HAL_JpegEncode( tmbEffAddr, vlcAddr, 0, yuvType/*0x20*/, 1 );
1291   2                      HAL_JpegReadEncodeSize( &vlcSize );
1292   2                      
1293   2                      //dramFileSave("PBTHM001.YUV", tmbEffAddr, (UINT32)PB_DECODE_THB_WIDTH*RotThumbHeight*2);
1294   2                      pbLogPrintf("Tmb vlc: 0x%lx, 0x%lx\n", vlcAddr, vlcSize);
1295   2                      jpgExifInfo.thbVlcAddr =  vlcAddr;
1296   2                      jpgExifInfo.thbSize = vlcSize;
1297   2                      jpgExifInfo.thbWidth = thbWidth;
1298   2                      jpgExifInfo.thbHeight =  RotThumbHeight;
1299   2                      #if 0 //real rotation funciton is not use ,so masked
                              if(Rotation_En){
                                      if(rotation&0x1){
                                              exifThbXSize = RotThumbHeight;
                                              exifThbYSize = PB_DECODE_THB_WIDTH;
                                      }
                              }
                              #endif
1307   2                      tmbVlcSize = vlcSize;
1308   2                      if( tmbVlcSize & 0x00000001 ) {
1309   3                              size = ( K_EXIF_STRUCTURE0_SIZE + tmbVlcSize + K_EXIF_STRUCTURE3_SIZE + K_EXIF_STRUCTURE4_SIZE );
1310   3                      }
1311   2                      else {
1312   3                              size = ( K_EXIF_STRUCTURE0_SIZE + tmbVlcSize + K_EXIF_STRUCTURE2_SIZE + K_EXIF_STRUCTURE4_SIZE );
1313   3                      }
1314   2                      if( 65536 - size< ( (UINT32)K_HDR2_SIZE + jpgExifInfo.qvSize) ) {
1315   3                              pbLogPrintf( "qv size too large\n" );
1316   3                              sizeFlag = TRUE;
1317   3                              jpgExifInfo.qvQidx -=10;
1318   3                      }
1319   2              
1320   2              }while(sizeFlag);
1321   1              pbLogPrintf("thm vlc addr=0x%lx,size=0x%lx\n",vlcAddr,tmbVlcSize);
1322   1       
1323   1              /* Do Main YUV           */             
1324   1              effAddr = freeBuffAddr + (hdrSize >> 1);
1325   1              OrderToAddr(effAddr,16);
1326   1      
1327   1              if( imgEffect&0x10 ){
1328   2                      effAddr = cropRec.srcAddrW;
1329   2              }                       
1330   1              else{
1331   2                      pbCdspEffectDo(imgEffect, cropRec.srcAddrW, cropRec.srcWidth, cropRec.srcHeight, effAddr, cropRec.srcWid
             -th, cropRec.srcHeight); 
1332   2              }               
1333   1              
1334   1              pbLogPrintf("effer src=0x%lx,dst=0x%lx\n",cropRec.srcAddrW,effAddr);
1335   1              pbLogPrintf("w=%u,h=%u\n",cropRec.srcWidth,cropRec.srcHeight);
1336   1              /*move to end buf, xian ++ 20080626*/
1337   1              effAddr = pbEditImgMoveBufEnd(effAddr, cropRec.srcWidth, cropRec.srcHeight, dramEndAddr);
1338   1              
1339   1              /*encode to jpeg*/
1340   1              mainVlcAddr = freeBuffAddr + (hdrSize >> 1);
C51 COMPILER V8.08   PB_EDIT                                                               12/31/2019 16:15:26 PAGE 23  

1341   1              jpegQTableSet(PB_EDIT_IMG_QTAB, NULL, NULL, 1);
1342   1              HAL_JpgZFactorSet( hfac, vfac,cropRec.srcWidth, cropRec.srcHeight, dstWidth, dstHeight, option );
1343   1              HAL_JpegEncode( effAddr, mainVlcAddr, 0, yuvType, 1 );
1344   1              HAL_JpegReadEncodeSize( &mainVlcSize);
1345   1              pbLogPrintf("main Vlc addr=0x%lx,main vlc size=0x%lx\n",mainVlcAddr,mainVlcSize);       
1346   1      
1347   1              #if 0 //real rotation funciton is not use ,so masked
                      if(Rotation_En  ){
                              if(rotation&0x01 ){
                                      jpgExifInfo.mainWidth = dstHeight;
                                      jpgExifInfo.mainHeight = dstWidth;
                              }
                      }
                      #endif
1355   1          /*make file*/
1356   1              hdrAddr = dramEndAddr - PB_EDIT_IMG_HDR_SIZE;
1357   1          if(hdrAddr > mainVlcAddr + mainVlcSize){    
1358   2                      #if 0 //real rotation funciton is not use ,so masked
                              if(Rotation_En ){
                                      exifRotOpt = 0x01;
                              }
                              else{
                                      exifRotOpt = (UINT32)pbExifOrientGet();
                              }
                              #endif
1366   2                  exifFillRotOpt = 1;
1367   2                      jpgExifInfo.mainVlcAddrW = mainVlcAddr;
1368   2                      jpgExifInfo.mainWidth = dstWidth;
1369   2                      jpgExifInfo.mainHeight = dstHeight;
1370   2                      jpgExifInfo.mainQidx = PB_EDIT_IMG_QTAB;
1371   2                      jpgExifInfo.fileFormat = 0x00;
1372   2                      jpgExifInfo.rotOpt = pbRotModeGet(2);
1373   2                      jpgExifInfo.viViLinkEn = 0;
1374   2                      jpgExifInfo.dbgInfoAddr = 0;
1375   2      
1376   2      #if 0 // gps tag test
              {
              extern  UINT32 exifGPSTagTest(const exifJpgFileInfo_t *jpgInfo);
                              hdrSize = exifGPSTagTest(&jpgExifInfo);         
              }
              #else
1382   2                      hdrSize = exifCreateFile(&jpgExifInfo);
1383   2      #endif
1384   2                      
1385   2                      ret = pbEditFileMake(mainVlcAddr - (hdrSize >> 1), mainVlcSize + hdrSize);
1386   2                  exifFillRotOpt = 0;
1387   2                  pbLogPrintf("pb edit suc\n");
1388   2          }
1389   1          else{
1390   2              printf("out of mem\n");
1391   2              ret = FAIL;       
1392   2          }
1393   1              
1394   1              return ret;
1395   1      }
1396          
1397          #if 1
1398          #if 0
              UINT8 pbEffect_Resize(PBFile_t* pFile, PBEffectList_t imgEffect, UINT16 dstWidth, UINT16 dstHeight)
              {
                      ExifImage_t mainImage;
                      ExifImage_t thubImage;
C51 COMPILER V8.08   PB_EDIT                                                               12/31/2019 16:15:26 PAGE 24  

              
                      UINT8 ret = FAIL;
                      UINT32 dramEndAddr = K_SDRAM_TotalSize - 256UL;//512 Bytes reserved for DMA
                      UINT32 freeBuffAddr = K_SDRAM_ImagePlaybackBufAddr;
                      UINT32 hdrAddr, fileAddr, decAddr;
                      UINT32 hdrSize;
                      UINT32 yuvBufInterval;
                      UINT16 decW, decH;
              
                      UINT32 effAddr, tmbEffAddr; 
                      UINT32 sclTmpAddr;
                      UINT32 vlcAddr, vlcSize;
                      UINT32 mainVlcAddr, tmbVlcSize, mainVlcSize;
                      UINT32 size;   //rhy++ 20100221
                      UINT8 sizeFlag;
                      UINT8 yuvType = 0x20;
                  UINT8 option;
                      UINT8 rotation;
              
                  //xian ++ 20080624
                      UINT8 qTableIndex;
                      UINT8 qTable[128];
                      UINT8 zigzagOpt = 1;
                  //xian --
              
                      //wang ++ 20080920
                      UINT8 isResize=0x00;
                      UINT16 RotThumbHeight = PB_DECODE_THB_HEIGHT;  //default value
                      //wang-- 
              
                      //printf("pb temp buf size=%ld\n",dramEndAddr-freeBuffAddr);
                      //printf("dram end addr=0x%lx\n",dramEndAddr);
                      //printf("dram free addr=0x%lx\n",freeBuffAddr);
              
                      OrderToAddr(freeBuffAddr, 16);
                  //printf("buf: 0x%lx - 0x%lx\n", freeBuffAddr, dramEndAddr);
              
                  fileAddr = pbEditFileLoad(pFile, &mainImage, &thubImage, NULL);
                  if(!fileAddr){
                      return FAIL;
                  }
                      if(imgEffect>=PB_IMG_EFFECT_MAX+SPE_DISTORT_MAX)
                      {
                              if(dstWidth==mainImage.width&&dstHeight==mainImage.height){
                                      isResize = 0x02;   //rotation 
                              }
                              else{
                                      isResize=0x01;  //resize
                              }
                              //printf("\nresize\n");
                      }
                  //alloc buffer
                      //yuvBufInterval = PB_EDIT_CDSP_DO_LINE_NUM * ((MainImgPara.Width>1024)?(UINT32)MainImgPara.Width:1024UL)
             -; // reserved for overlay
                      yuvBufInterval = (UINT32)PB_EDIT_CDSP_DO_LINE_NUM * ((mainImage.width>1024)?(UINT32)mainImage.width:1024U
             -L); // reserved for overlay
              
                      //printf("yuvBufInterval=%ld\n",yuvBufInterval);
                      
                      hdrSize = (PB_EDIT_IMG_HDR_SIZE * 2UL);
                      
                      //decAddr=  (freeBuffAddr + yuvBufInterval+ (UINT32)96000);//320*240+160*120); //PB_DECODE_QV_WIDTH*PB_DE
C51 COMPILER V8.08   PB_EDIT                                                               12/31/2019 16:15:26 PAGE 25  

             -CODE_QV_HEIGHT + PB_DECODE_THB_WIDTH*PB_DECODE_THB_HEIGHT );
                      //decAddr=  (freeBuffAddr + yuvBufInterval+ (UINT32)PB_DECODE_QV_WIDTH*PB_DECODE_QV_HEIGHT + (UINT32)PB_D
             -ECODE_THB_WIDTH*PB_DECODE_THB_HEIGHT );
              
                      if (yuvBufInterval> ((UINT32)PB_DECODE_QV_WIDTH*PB_DECODE_QV_HEIGHT*2 + (UINT32)PB_DECODE_THB_WIDTH*PB_DE
             -CODE_THB_HEIGHT)      ){
                              decAddr=  freeBuffAddr + yuvBufInterval+ (hdrSize>>1);
                      }
                      else{
                              //decAddr=  freeBuffAddr + (hdrSize>>1) + ((UINT32)PB_DECODE_QV_WIDTH*PB_DECODE_QV_HEIGHT*2 + (UINT32)PB
             -_DECODE_THB_WIDTH*PB_DECODE_THB_HEIGHT);
                              decAddr=  freeBuffAddr + (hdrSize>>1) + ((UINT32)PB_DECODE_QV_WIDTH*PB_DECODE_QV_HEIGHT + (UINT32)PB_DEC
             -ODE_THB_WIDTH*PB_DECODE_THB_HEIGHT);
                      }
              
                      OrderToAddr(decAddr, 16);
                      //printf("freeBuffAddr=0x%lx\n",freeBuffAddr);
                      //printf("decAddr=0x%lx\n",decAddr);
                      
                  //save Qtable, xian ++ 20080624
                  jpegQTableGet(&qTableIndex, qTable, zigzagOpt);
                      
                      if(Rotation_En){                   //add by rhy 20100328,add the function of really rotation.
                              rotation = pbRotModeGet(1);
                              yuvType |= (rotation<<2);
                              option = rotation;
                      }
                      else{
                              yuvType = 0x20;
                              option = 0;   //default value;
                      }
              
                      //decode main
                      if(isResize == 1){     // Resize function
                              decW=dstWidth;
                              decH=dstHeight;
                      }
                      else if(isResize == 2){  // rotation function,
                              if(Rotation_En){
                                      decW = MCU_ALIGN(mainImage.width, 16);
                                      decH = MCU_ALIGN(mainImage.height, 16);
                                      dstWidth = MCU_ALIGN(dstWidth,16);
                                      dstHeight = MCU_ALIGN(dstHeight, 16);   //keep MCU Align;
                              }
                      }
                      else{                                   //effect function
                              decW=mainImage.width;
                              decH=mainImage.height;
                              dstWidth=decW;
                              dstHeight=decH;
                      }
                              
                      
                      /*********************/
                      /* decode Main YUV       */     
                      /*********************/                 
                      //jpegQTableSet(0, qTable, qTable+64, zigzagOpt);   //xian ++ 20080624
                      
                      ret = pbEditDec(&mainImage, decAddr, dramEndAddr, &decW, &decH);
                      if(ret){
                              DBG_pbFuncTrack();
                              return FAIL;
C51 COMPILER V8.08   PB_EDIT                                                               12/31/2019 16:15:26 PAGE 26  

                      }
                      
                      exifVlcAtOdd = 0;
                      
                      
                      //printf("main w=%d,h=%d\n",decW,decH);
                      //printf("main yuv addr=0x%lx\n",decAddr);
                      //dramFileSave("PBMAIN00.YUV", decAddr, (UINT32)decW*decH*2);
                      
                      /*********************/
                      /* Do QV YUV             */     
                      /*********************/                 
                      //HAL_DramCodeSentry(decAddr,decAddr+(UINT32)decW*decH*2,K_SDRAM_CodeSentryRedirectAddr);
                      
                      effAddr = (freeBuffAddr + (hdrSize>>1));
                      OrderToAddr(effAddr,16);
                      
                      if(isResize){
                              pbCdspEffectDo(PB_IMG_EFFECT_NORMAL, decAddr, decW, decH, effAddr, PB_DECODE_QV_WIDTH, PB_DECODE_QV_HEIG
             -HT); 
                      }                       
                      else{
                              pbCdspEffectDo(imgEffect                   , decAddr, decW, decH, effAddr, PB_DECODE_QV_WIDTH, PB_DECODE_QV_HEIGHT); 
                      }               
                      //printf("qv addr=0x%lx\n",effAddr);
                      //dramFileSave("PBQV0000.YUV", effAddr, (UINT32)PB_DECODE_QV_WIDTH*PB_DECODE_QV_HEIGHT*2);
              
                      //dramFileSave("PBMAIN01.YUV", decAddr, (UINT32)decW*decH*2);   
              
                      /*********************/
                      /* Do thumbnail YUV      */     
                      /*********************/ 
                      thubImage.width = PB_DECODE_THB_WIDTH;
                      thubImage.height = PB_DECODE_THB_HEIGHT;
              
                      tmbEffAddr = effAddr + (UINT32)PB_DECODE_QV_WIDTH * (UINT32)PB_DECODE_QV_HEIGHT;
              
              
                      #if 0   /*cdsp redo thumbnail yuv*/
                              if(isResize){   
                                      pbCdspEffectDo(PB_IMG_EFFECT_NORMAL, decAddr, decW, decH, tmbEffAddr, PB_DECODE_THB_WIDTH, PB_DECODE_TH
             -B_HEIGHT); 
                              }
                              else{
                                      pbCdspEffectDo(imgEffect                   , decAddr, decW, decH, tmbEffAddr, PB_DECODE_THB_WIDTH, PB_DECODE_THB_HEIG
             -HT); 
                              }
                      
                      #else   /* GPRM scale down from qv to thumbnail */
                              sclTmpAddr = tmbEffAddr + (UINT32)PB_DECODE_THB_WIDTH * (UINT32)PB_DECODE_THB_HEIGHT;
              
                              if(sclTmpAddr + (UINT32)thubImage.width * (UINT32)thubImage.height > mainImage.addr){
                                      DBG_pbFuncTrack();
                                      return FAIL;
                              }
                              if(Rotation_En){
                                      if(rotation&0x1){
                                              RotThumbHeight = 128;
                                      }
                              }
                              //printf("RotThumbHeight=%d\n",RotThumbHeight);
                              
C51 COMPILER V8.08   PB_EDIT                                                               12/31/2019 16:15:26 PAGE 27  

                              HAL_GprmScale(
                                      effAddr,
                                      PB_DECODE_QV_WIDTH, PB_DECODE_QV_HEIGHT,
                                      tmbEffAddr,
                                      PB_DECODE_THB_WIDTH, RotThumbHeight,
                                      //sclTmpAddr,
                                      freeBuffAddr,
                                      1
                              );
                      
                      #endif
                      
                      //printf("thb addr= 0x%lx\n", tmbEffAddr);
                      //dramFileSave("PBTHM001.YUV", tmbEffAddr, (UINT32)PB_DECODE_THB_WIDTH*RotThumbHeight*2);
              
                      //dramFileSave("PBMAIN02.YUV", decAddr, (UINT32)decW*decH*2);   
                      /*********************/
                      /* generate QV VLC       */     
                      /*********************/
                      //vlcAddr = freeBuffAddr; //temp
                      exifQvQTableIdx = 85;
                      do
                      {       sizeFlag = FALSE; //init falg;
                              vlcAddr = freeBuffAddr;
                              jpegQTableSet(exifQvQTableIdx, NULL, NULL, 1); //FOR TEST  ==>50
                              HAL_JpgZFactorSet( 100, 100, PB_DECODE_QV_WIDTH, PB_DECODE_QV_HEIGHT, PB_DECODE_QV_WIDTH, PB_DECODE_QV_H
             -EIGHT, option);
              
                              HAL_JpegEncode( effAddr, vlcAddr, 0, yuvType/*0x20*/, 1 );
                              HAL_JpegReadEncodeSize( &vlcSize);
              
                              
                              exifQvVlcAddr = vlcAddr;
                              exifQvVlcSize = vlcSize;
                              exifQvXSize = PB_DECODE_QV_WIDTH;
                              exifQvYSize = PB_DECODE_QV_HEIGHT;
                              if(Rotation_En){
                                      if(rotation&0x1){
                                              exifQvXSize = PB_DECODE_QV_HEIGHT;
                                              exifQvYSize = PB_DECODE_QV_WIDTH;
                                      }
                              }
                              //printf("qv vlc: 0x%lx, 0x%lx\n", vlcAddr, vlcSize);
                              //printf("qv vlc size=0x%lx\n",vlcSize);
                              //printf("qv vlc addr=0x%lx\n",vlcAddr);
                              
                              //dramFileSave("PBMAIN03.YUV", decAddr, (UINT32)decW*decH*2);   
                              /*********************/
                              /* generate Tmb VLC  */         
                              /*********************/    
                              vlcAddr = vlcAddr + ((vlcSize + 1)>> 1) ;
              
                              exifThbQTableIdx = 85;
                              jpegQTableSet(85, NULL, NULL, 1);
                              if(Rotation_En){                
                                      HAL_JpgZFactorSet( 100, 100, PB_DECODE_THB_WIDTH, RotThumbHeight, PB_DECODE_THB_WIDTH, RotThumbHeight, 
             -option );
                              }
                              else{
                                      HAL_JpgZFactorSet( 100, 100, PB_DECODE_THB_WIDTH, PB_DECODE_HEIGHT, PB_DECODE_THB_WIDTH, PB_DECODE_HEIG
             -HT, option );
                              }
C51 COMPILER V8.08   PB_EDIT                                                               12/31/2019 16:15:26 PAGE 28  

                              //HAL_JpgZFactorSet( 100, 100, PB_DECODE_THB_WIDTH, PB_DECODE_THB_HEIGHT, PB_DECODE_THB_WIDTH, PB_DECODE
             -_THB_HEIGHT, option );
              
                              HAL_JpegEncode( tmbEffAddr, vlcAddr, 0, yuvType/*0x20*/, 1 );
                              HAL_JpegReadEncodeSize( &vlcSize );
              
                              //printf("Tmb vlc: 0x%lx, 0x%lx\n", vlcAddr, vlcSize);
                              exifThbVlcAddr = vlcAddr;
                              exifThbVlcSize = vlcSize;
                              exifThbXSize = PB_DECODE_THB_WIDTH;
                              exifThbYSize = RotThumbHeight;
                              if(Rotation_En){
                                      if(rotation&0x1){
                                              exifThbXSize = RotThumbHeight;
                                              exifThbYSize = PB_DECODE_THB_WIDTH;
                                      }
                              }
                              //if(yuvType == 0x21){//temp for bug
                                      //exifThbXSize = 0;
                                      //exifThbYSize = 0;
                              //}    
                              tmbVlcSize = vlcSize;
                              if( tmbVlcSize & 0x00000001 ) {
                                      size = ( K_EXIF_STRUCTURE0_SIZE + tmbVlcSize + K_EXIF_STRUCTURE3_SIZE + K_EXIF_STRUCTURE4_SIZE );
                              }
                              else {
                                      size = ( K_EXIF_STRUCTURE0_SIZE + tmbVlcSize + K_EXIF_STRUCTURE2_SIZE + K_EXIF_STRUCTURE4_SIZE );
                              }
                              if( 65536 - size< ( (UINT32)K_HDR2_SIZE + exifQvVlcSize ) ) {
                                      //printf( "qv size too large\n" );
                                      sizeFlag = TRUE;
                                      exifQvQTableIdx-=10;
                              }
                      
                      }while(sizeFlag);
                      //printf("thm vlc size=0x%lx\n",tmbVlcSize);
                      //printf("thm vlc addr=0x%lx\n",vlcAddr);
                      //dramFileSave("PBMAIN04.YUV", decAddr, (UINT32)decW*decH*2);   
                      /*********************/
                      /* Do Main YUV           */     
                      /*********************/                 
                      
                      //do main effect
                      //effAddr = ((decAddr - (UINT32)yuvBufInterval) + 16 &~15);
                      
                      //effAddr = tmbEffAddr + PB_DECODE_THB_WIDTH*PB_DECODE_THB_HEIGHT;              
                      //effAddr = decAddr -(UINT32)yuvBufInterval;
                      effAddr = freeBuffAddr + (UINT32)64*1024; //modified by rhy,20110406 mantis #42329
                      OrderToAddr(effAddr,16);
                      //effAddr = effAddr + 16 & ~15;
                      
                      //wang ++ 20080916
                      if(isResize){
                              effAddr=decAddr;
                      }                       
                      else{
                              pbCdspEffectDo(imgEffect, decAddr, decW, decH, effAddr, decW, decH); 
                      }               
              
                      //printf("effer src=0x%lx,dst=0x%lx\n",decAddr,effAddr);
                      //dramFileSave("PBMAIN05.YUV", effAddr, (UINT32)decW*decH*2);
                      
C51 COMPILER V8.08   PB_EDIT                                                               12/31/2019 16:15:26 PAGE 29  

                      //move to end buf, xian ++ 20080626
                      effAddr = pbEditImgMoveBufEnd(effAddr, decW, decH, dramEndAddr);
                      //dramFileSave("PBMAIN06.YUV", effAddr, (UINT32)decW*decH*2);
              
              
                      //encode to jpeg
                      mainVlcAddr = freeBuffAddr + (hdrSize >> 1);
                      
                      exifMainQTableIdx = PB_EDIT_IMG_QTAB;
                      jpegQTableSet(PB_EDIT_IMG_QTAB, NULL, NULL, 1);//
                      //                exifMainQTableIdx = 100;      //should not be zero
                      //                jpegQTableSet(0, qTable, qTable+64, zigzagOpt);       //xian ++ 20080624
                      HAL_JpgZFactorSet( 100, 100, decW, decH, dstWidth, dstHeight, option );
                      HAL_JpegEncode( effAddr, mainVlcAddr, 0, yuvType/*0x20*/, 1 );
                      HAL_JpegReadEncodeSize( &mainVlcSize);
                      //printf("main Vlc addr=0x%lx,main vlc size=0x%lx\n",mainVlcAddr,mainVlcSize);  
                      
                      //if( MainImgPara.DataType == K_File_DataType_YUV422 ) {
                      //      exifFileFormat = 0x00;
                      //}
                      //else {
                      //      exifFileFormat = 0x01;
                      //}
              
                      exifFileFormat = 0x00;
                      exifMainXSize = dstWidth;
                      exifMainYSize = dstHeight;
                      if(Rotation_En){
                              if(rotation&0x01){
                                      exifMainXSize = dstHeight;
                                      exifMainYSize = dstWidth;
                              }
                      }
                  //make file
                      hdrAddr = dramEndAddr - PB_EDIT_IMG_HDR_SIZE;
                  if(hdrAddr > mainVlcAddr + mainVlcSize){
                              #if (DBG_Level > 1)             
                              DEBUG_PRINT("org exif ort: %ld\n", exifRotOpt);
                              #endif //(DBG_Level > 1) 
                      if(Rotation_En){
                                      exifRotOpt = 0;
                      }
                      else{
                              exifRotOpt = (UINT32)pbExifOrientGet();
                      }
                  // printf("exif rotopt=%ld\n",exifRotOpt);   
                              #if (DBG_Level > 1)  
                              DEBUG_PRINT("modify exif ort: %ld\n", exifRotOpt);
                              #endif //(DBG_Level > 1) 
                      exifFillRotOpt = 1;
                              
                      /*EXIFHDR_Initialize_AllExifHeader(hdrAddr);
                      hdrSize = EXIFHDR_LoadExifHeader( mainVlcAddr, hdrAddr, tmbVlcSize );*/
                      //new exif lib
                              hdrSize = exifCreateFile(mainVlcAddr,0,exifThbVlcAddr,tmbVlcSize);
                              
                      ret = pbEditFileMake(mainVlcAddr - (hdrSize >> 1), mainVlcSize + hdrSize);
                      exifFillRotOpt = 0;
                              #if (DBG_Level > 1) 
                              printf("pb effect suc\n");
                              #endif
                  }
C51 COMPILER V8.08   PB_EDIT                                                               12/31/2019 16:15:26 PAGE 30  

                  else{
                              #if (DBG_Level > 1) 
                              printf("out of mem\n");
                              #endif
                      DBG_pbFuncTrack();
                      ret = FAIL;       
                  }
                      return ret;
              }
              #endif
1771          
1772          
1773          #else
              //WANG ++
              UINT8 pbEffect_Resize(PBFile_t* pFile, PBEffectList_t imgEffect, UINT16 dstWidth, UINT16 dstHeight)
              {
                      UINT8 ret = FAIL;
                      UINT32 dramEndAddr = K_SDRAM_TotalSize - 256UL;//512 Bytes reserved for DMA
                      UINT32 freeBuffAddr = K_SDRAM_ImagePlaybackBufAddr;
                      UINT32 hdrAddr, fileAddr, decAddr;
                      UINT32 hdrSize;
                      UINT32 yDis;
                  UINT16 decW, decH;
              
                  UINT32 effAddr, tmbEffAddr; 
                  UINT32 sclTmpAddr;
                  UINT32 vlcAddr, vlcSize;
                  UINT32 mainVlcAddr, tmbVlcSize, mainVlcSize;
              
                  UINT8 yuvType = 0x20;
                  
                      struct Exif_Decompress_Parameter MainImgPara;
                      struct Exif_Decompress_Parameter TmbImgPara;
              
                  //xian ++ 20080624
                      UINT8 qTableIndex;
                      UINT8 qTable[128];
                      UINT8 zigzagOpt = 1;
                  //xian --
              
                      //wang ++ 20080920
                      UINT8 isResize=0x00;
                      //wang-- 
              
                      //printf("pb temp buf size=%ld\n",dramEndAddr-freeBuffAddr);
                      printf("dram end addr=0x%lx\n",dramEndAddr);
                      
                      if(imgEffect>=PB_IMG_EFFECT_MAX+SPE_DISTORT_MAX)
                      {
                              isResize=0x01;
                              //printf("\nresize\n");
                      }
              
                      OrderToAddr(freeBuffAddr, 16);
                  //printf("buf: 0x%lx - 0x%lx\n", freeBuffAddr, dramEndAddr);
              
                  fileAddr = pbEditFileLoad(pFile, &MainImgPara, &TmbImgPara, NULL);
                  if(!fileAddr)
                      return FAIL;
              
                              
                  //alloc buffer
C51 COMPILER V8.08   PB_EDIT                                                               12/31/2019 16:15:26 PAGE 31  

                      yDis = PB_EDIT_CDSP_DO_LINE_NUM * ((MainImgPara.Width>1024)?(UINT32)MainImgPara.Width:1024UL); // reserve
             -d for overlay
                      
                      hdrSize = (PB_EDIT_IMG_HDR_SIZE * 2UL);
                      decAddr= ((freeBuffAddr + (hdrSize >> 1) + yDis) + 16 &~15);
                      printf("decAddr=0x%lx\n",decAddr);
                      
                  //save Qtable, xian ++ 20080624
                  jpegQTableGet(&qTableIndex, qTable, zigzagOpt);
              
                  //decode main to QV size
                  decW = PB_DECODE_WIDTH;
                  decH = PB_DECODE_HEIGHT;
                
                  ret = pbEditDec(&MainImgPara, decAddr, MainImgPara.Addr, &decW, &decH);
                  if(ret){
                              DBG_pbFuncTrack();
                      return FAIL;
                  }
                    
              
                      //printf("vlc start=%lx\n",MainImgPara.Addr);
                      
                      //printf("start=%lx,end=%lx\n",decAddr,MainImgPara.Addr);
                      
                      //printf("w=%d,h=%d\n",decW,decH);
                      
                  //xian ++
                  //if(!TmbImgPara.Width || !TmbImgPara.Height){
                      TmbImgPara.Width = 160;
                      TmbImgPara.Height = 120;
                  //}
                      /*if( MainImgPara.DataType == K_File_DataType_YUV422 ) {
                      yuvType = 0x20;
                  }
                  else{
                      yuvType = 0x21;
                  }*/
                  //xian --
              
                      //do QV effect
                      //effAddr = ((decAddr - (UINT32)yDis) + 16 &~15);
                      effAddr = ((decAddr - (UINT32)decW*decH) - 16 &~15);
              
              
              
                      if(isResize)
                              effAddr=decAddr;
                      else
                              pbCdspEffectDo(imgEffect, decAddr, decW, decH, effAddr, decW, decH); 
                              
              
                      //printf("eff start=%lx\n",decAddr);    
                  //printf("end QV effect\n");
                      //dramFileSave("PBQV0000.YUV", effAddr, (UINT32)320*240*2);
                      
                  //do tmb effect
                  //tmbEffAddr = effAddr + (UINT32)decW * (UINT32)decH);
                  tmbEffAddr = effAddr + (UINT32)TmbImgPara.Width * (UINT32)TmbImgPara.Height;
                  sclTmpAddr = tmbEffAddr + (UINT32)TmbImgPara.Width * (UINT32)TmbImgPara.Height;
                  //printf("tmbEffAddr = 0x%lx, sclTmpAddr= 0x%lx\n", tmbEffAddr, sclTmpAddr);
              
C51 COMPILER V8.08   PB_EDIT                                                               12/31/2019 16:15:26 PAGE 32  

                  if(sclTmpAddr + (UINT32)decW * (UINT32)TmbImgPara.Height > MainImgPara.Addr){
                              DBG_pbFuncTrack();
                              return FAIL;
                  }
                  
                  HAL_GprmScale(
                      effAddr,
                      decW, decH,
                      tmbEffAddr,
                      TmbImgPara.Width, TmbImgPara.Height,
                      sclTmpAddr,
                      1
                  );
              
                      //dramFileSave("PBTHM000.YUV", tmbEffAddr, (UINT32)160*120*2);
                      
                  /*********************/
                  /* generate QV VLC   */         
                  /*********************/
                      vlcAddr = freeBuffAddr; //temp
                  
                      exifQvQTableIdx = 85;
                      jpegQTableSet(85, NULL, NULL, 1);
                      HAL_JpgZFactorSet( 100, 100, decW, decH, PB_DECODE_WIDTH, PB_DECODE_HEIGHT, 0x00 );
              
                      HAL_JpegEncode( effAddr, vlcAddr, 0, yuvType/*0x20*/, 1 );
                      HAL_JpegReadEncodeSize( &vlcSize);
              
                  //printf("Qv vlc: 0x%lx, 0x%lx\n", vlcAddr, vlcSize);
                      exifQvVlcAddr = vlcAddr;
                      exifQvVlcSize = vlcSize;
                      exifQvXSize = PB_DECODE_WIDTH;
                      exifQvYSize = PB_DECODE_HEIGHT;
              
                  
                  /*********************/
                  /* generate Tmb VLC  */         
                  /*********************/    
                  vlcAddr = vlcAddr + ((vlcSize + 1)>> 1) ;
                  
                      exifThbQTableIdx = 85;
                      jpegQTableSet(85, NULL, NULL, 1);
                      HAL_JpgZFactorSet( 100, 100, TmbImgPara.Width, TmbImgPara.Height, TmbImgPara.Width, TmbImgPara.Height, 0x
             -00 );
              
                      HAL_JpegEncode( tmbEffAddr, vlcAddr, 0, yuvType/*0x20*/, 1 );
                      HAL_JpegReadEncodeSize( &vlcSize );
                  
                  //printf("Tmb vlc: 0x%lx, 0x%lx\n", vlcAddr, vlcSize);
                      exifThbVlcAddr = vlcAddr;
                  exifThbVlcSize = vlcSize;
                      exifThbXSize = TmbImgPara.Width;
                      exifThbYSize = TmbImgPara.Height;
                  //if(yuvType == 0x21){//temp for bug
                              //exifThbXSize = 0;
                              //exifThbYSize = 0;
                  //}    
                  tmbVlcSize = vlcSize;
              
                  //decode main
                  if(isResize)
                  {
C51 COMPILER V8.08   PB_EDIT                                                               12/31/2019 16:15:26 PAGE 33  

                      decW=dstWidth;
                              decH=dstHeight;
                  }
                      else
                      {
                              decW=MainImgPara.Width;
                              decH=MainImgPara.Height;
                              dstWidth=decW;
                              dstHeight=decH;
                  }
                      
              /*    if(decW == PB_DECODE_WIDTH && decH == PB_DECODE_HEIGHT)
                  {//just use Qv
                      exifVlcAtOdd = 0;
              
                      mainVlcAddr = exifQvVlcAddr;
                      exifMainQTableIdx = PB_EDIT_IMG_QTAB;
                      mainVlcSize = exifQvVlcSize;        
                  }
                  else*/
                  
              
                          //fileAddr = pbEditFileLoad(pFile, &MainImgPara, &TmbImgPara, NULL);
              
              
                  /*********************/
                  /* decode Main YUV   */         
                  /*********************/         
                      jpegQTableSet(0, qTable, qTable+64, zigzagOpt);   //xian ++ 20080624
              
                      ret = pbEditDec(&MainImgPara, decAddr, dramEndAddr, &decW, &decH);
                      if(ret){
                              DBG_pbFuncTrack();
                          return FAIL;
                      }    
                      exifVlcAtOdd = 0;
              
              
              
                              //dramFileSave("PBMAIN01.YUV", decAddr, (UINT32)decW*decH*2);
              
                              //printf("main h=%d,v=%d\n",decW,decH);
              
                      /*********************/
                      /* Do Main YUV           */     
                      /*********************/                 
              
                      //do main effect
                      effAddr = ((decAddr - (UINT32)yDis) + 16 &~15);
                      
                              
                      //wang ++ 20080916
                              if(isResize)
                                      effAddr=decAddr;
                              else
                              pbCdspEffectDo(imgEffect, decAddr, decW, decH, effAddr, decW, decH); 
                              
                      
                              //wang --
                              
                   
                      //move to end buf, xian ++ 20080626
C51 COMPILER V8.08   PB_EDIT                                                               12/31/2019 16:15:26 PAGE 34  

                      effAddr = pbEditImgMoveBufEnd(effAddr, decW, decH, dramEndAddr);
              
                      //encode to jpeg
                      mainVlcAddr = freeBuffAddr + (hdrSize >> 1);
              
                      exifMainQTableIdx = PB_EDIT_IMG_QTAB;
                      jpegQTableSet(PB_EDIT_IMG_QTAB, NULL, NULL, 1);//
              //        exifMainQTableIdx = 100;  //should not be zero
              //        jpegQTableSet(0, qTable, qTable+64, zigzagOpt);   //xian ++ 20080624
                      HAL_JpgZFactorSet( 100, 100, decW, decH, dstWidth, dstHeight, 0x00 );
                      HAL_JpegEncode( effAddr, mainVlcAddr, 0, yuvType/*0x20*/, 1 );
                      HAL_JpegReadEncodeSize( &mainVlcSize);
                      
              
                      //if( MainImgPara.DataType == K_File_DataType_YUV422 ) {
                      //      exifFileFormat = 0x00;
                      //}
                      //else {
                      //      exifFileFormat = 0x01;
                      //}
                      exifFileFormat = 0x00;
                      exifMainXSize = dstWidth;
                      exifMainYSize = dstHeight;
                  
                  //make file
                      hdrAddr = dramEndAddr - PB_EDIT_IMG_HDR_SIZE;
                  if(hdrAddr > mainVlcAddr + mainVlcSize){
                              #if (DBG_Level > 1)             
                              DEBUG_PRINT("org exif ort: %ld\n", exifRotOpt);
                              #endif //(DBG_Level > 1) 
                      exifRotOpt = (UINT32)pbExifOrientGet();
                              #if (DBG_Level > 1)  
                              DEBUG_PRINT("modify exif ort: %ld\n", exifRotOpt);
                              #endif //(DBG_Level > 1) 
                      exifFillRotOpt = 1;
                      EXIFHDR_Initialize_AllExifHeader(hdrAddr);
                  
                      hdrSize = EXIFHDR_LoadExifHeader( mainVlcAddr, hdrAddr, tmbVlcSize );
                      
                      ret = pbEditFileMake(mainVlcAddr - (hdrSize >> 1), mainVlcSize + hdrSize);
                      exifFillRotOpt = 0;
                      printf("pb effect success\n");
                  }
                  else{
                      printf("out of memory\n");
                      DBG_pbFuncTrack();
                      ret = FAIL;       
                  }
              
                      return ret;
              }
              #endif
2059          #endif
2060          
2061          #if (STILL_LIB_PB_DMY)
              UINT8 pbEffectSet(PBFile_t* pFile, pbEditType_t imgEffect)
              {
                      pFile=pFile;
                      imgEffect=imgEffect;
                      return 0;
              }
              #else
C51 COMPILER V8.08   PB_EDIT                                                               12/31/2019 16:15:26 PAGE 35  

2069          UINT8 pbEffectSet(PBFile_t* pFile, pbEditType_t imgEffect)
2070          {
2071   1              UINT8 dummy = 0;           /* avoid XDATA overflow ,don't modify*/
2072   1              
2073   1              PbCropImage_t cropRec;
2074   1              cropRec.srcWidth = 0;
2075   1              cropRec.srcHeight = 0;
2076   1              
2077   1               /* add for avoid XDATA overflow  */
2078   1              if(dummy == 1) {
2079   2                      speDistortSave(0, 0);  
2080   2              }
2081   1              
2082   1              pbEdit_ImgDec(pFile,PB_IMG_EFFECT, &cropRec);
2083   1              return pbEdit_Save(imgEffect, cropRec);
2084   1              //return pbEffect_Resize(pFile,imgEffect,0,0);
2085   1      }
2086          #endif
2087          
2088          #if (STILL_LIB_PB_DMY)
              UINT8 pbImgResize(PBFile_t* pFile, UINT16 dstWidth, UINT16 dstHeight)
              {
                      pFile=pFile;
                      dstWidth=dstWidth;
                      dstHeight=dstHeight;
                      return 0;
              }
              #else
2097          UINT8 pbImgResize(PBFile_t* pFile, UINT16 dstWidth, UINT16 dstHeight)
2098          {       
2099   1              UINT8 ret;
2100   1              
2101   1              PbCropImage_t cropRec;
2102   1              cropRec.srcWidth = dstWidth;
2103   1              cropRec.srcHeight = dstHeight;
2104   1              
2105   1              pbEdit_ImgDec(pFile,PB_RESIZE, &cropRec);
2106   1              ret = pbEdit_Save(PB_RESIZE,cropRec);
2107   1              
2108   1              return ret;
2109   1      }
2110          #endif
2111          
2112          //viviOffset should not exceed one sector
2113          UINT8 pbEditUserCommentCodeModify(PBFile_t* pFile,  UINT8 *cmCode, UINT8 len)
2114          {
2115   1          UINT8 ret = FAIL;
2116   1      #if 0 //xian -- 20110809 temp for code size
                      pFile = pFile;
                      cmCode = cmCode;
                      len = len;      
              #else
2121   1          UINT32 fileAddr = K_SDRAM_ImagePlaybackBufAddr;
2122   1          UINT32 offset, startPos;
2123   1          UINT8 buf[2];
2124   1          UINT8 fno;
2125   1      
2126   1          if(pFile->FileType == SP1K_PB_FILE_TYPE_JPG){
2127   2                      offset = exifIFDTagOffsetGet(fileAddr,EXIF_IFD_EXIF,EXIF_TAG_SUBJECT_AREA,0);
2128   2                      offset += 12;
2129   2                      //printf("^^:%u, %u\n", ( UINT16 ) hd0->APP1.Exif_SubjectArea, ( UINT16 ) hd0->SOI.Marker);
2130   2          }
C51 COMPILER V8.08   PB_EDIT                                                               12/31/2019 16:15:26 PAGE 36  

2131   1          else if(pFile->FileType == SP1K_PB_FILE_TYPE_AVI){
2132   2              offset = 0x1F0;
2133   2          }
2134   1      
2135   1          startPos = offset & ~(UINT32)511;    
2136   1        //  printf("vi=%lx, %lx\n", offset, startPos);
2137   1          offset = offset % 512;
2138   1      
2139   1          if(offset + len > 512){
2140   2              len = 512 - offset;
2141   2          }
2142   1         // printf("of: %lu, %bu\n", offset, len);
2143   1          
2144   1          fno = DOS_FileOpen(pFile->FileName, 'r');
2145   1          if(fno){
2146   2              DOS_FileRead(fno, fileAddr<<1, 512, startPos);
2147   2              ret = DOS_FileSeek(fno, startPos, 0);
2148   2              //printf("ret:%bu\n", ret);            
2149   2      
2150   2              if(offset & 1){ //first odd byte
2151   3                  offset >>= 1;
2152   3                  HAL_DramStartAddrSet( fileAddr+offset, 1 );
2153   3                  HAL_DramWordDataRead(&buf[0], &buf[1]);
2154   3      
2155   3                  buf[1] = *cmCode ++;
2156   3                  len --;
2157   3                 // printf("+%bx,%bx\n", buf[0],buf[1]);
2158   3      
2159   3                  HAL_DramStartAddrSet( fileAddr+offset, 0 );
2160   3                  HAL_DramWordDataWrite(buf[0], buf[1]);
2161   3                  offset ++;
2162   3              }
2163   2              else{
2164   3                  offset >>= 1;
2165   3                  HAL_DramStartAddrSet( fileAddr+offset, 0 );
2166   3              }
2167   2      
2168   2              while(len>1){
2169   3                  buf[0] = *cmCode ++;
2170   3                  buf[1] = *cmCode ++;
2171   3                  //printf("%bx,%bx\n", buf[0],buf[1]);
2172   3                  HAL_DramWordDataWrite(buf[0], buf[1]);
2173   3                  len -= 2;
2174   3                  offset ++;
2175   3              }
2176   2      
2177   2              if(len){// last odd byte
2178   3                  HAL_DramStartAddrSet( fileAddr+offset, 1 );
2179   3                  HAL_DramWordDataRead(&buf[0], &buf[1]);
2180   3      
2181   3                  buf[0] = *cmCode;
2182   3                  //printf("-%bx,%bx\n", buf[0],buf[1]);
2183   3                  
2184   3                  HAL_DramStartAddrSet( fileAddr+offset, 0 );
2185   3                  HAL_DramWordDataWrite(buf[0], buf[1]);
2186   3              }
2187   2                                     
2188   2              ret = DOS_FileCurrSectorWrite(fno, fileAddr);        
2189   2              //printf("ret:%bu\n", ret);
2190   2      
2191   2              DOS_FileClose(fno);
2192   2      
C51 COMPILER V8.08   PB_EDIT                                                               12/31/2019 16:15:26 PAGE 37  

2193   2              ret = SUCCESS;
2194   2          }
2195   1      #endif    
2196   1          return ret;
2197   1      }
2198          
2199          UINT8 pbEditUserCommentCodeGet(PBFile_t* pFile,  UINT8 *cmCode, UINT8 len)
2200          {
2201   1          UINT8 ret = FAIL;
2202   1      #if 0 //xian -- 20110809 temp for code size
                      pFile = pFile;
                      cmCode = cmCode;
                      len = len;
              #else
2207   1          UINT32 fileAddr = K_SDRAM_ImagePlaybackBufAddr;
2208   1          UINT32 offset, startPos;
2209   1          UINT8 buf[2];
2210   1          UINT8 fno;
2211   1          UINT8 *pt = cmCode;
2212   1       
2213   1          if(pFile->FileType == SP1K_PB_FILE_TYPE_JPG){
2214   2              offset = exifIFDTagOffsetGet(fileAddr,EXIF_IFD_EXIF,EXIF_TAG_SUBJECT_AREA,0);
2215   2                      offset += 12;
2216   2          }
2217   1          else if(pFile->FileType == SP1K_PB_FILE_TYPE_AVI){
2218   2              offset = 0x1F0;
2219   2          }
2220   1      
2221   1          startPos = offset & ~(UINT32)511;    
2222   1          //printf("vi=%lx, %lx\n", offset, startPos);
2223   1          offset = offset % 512;
2224   1      
2225   1          if(offset + len > 512)
2226   1              len = 512 - offset;
2227   1          //printf("of: %lu, %bu\n", offset, len);
2228   1          
2229   1          fno = DOS_FileOpen(pFile->FileName, 'r');
2230   1          if(fno){
2231   2              DOS_FileRead(fno, fileAddr<<1, 512, startPos);
2232   2              DOS_FileClose(fno);
2233   2      
2234   2              if(offset & 1){ //first odd byte
2235   3                  offset >>= 1;
2236   3                  HAL_DramStartAddrSet( fileAddr+offset, 1 );
2237   3                  HAL_DramWordDataRead(&buf[0], &buf[1]);
2238   3      
2239   3                  *cmCode ++ = buf[1];
2240   3                  len --;
2241   3      
2242   3                  offset ++;
2243   3              }
2244   2              else{
2245   3                  offset >>= 1;
2246   3                  HAL_DramStartAddrSet( fileAddr+offset, 1 );
2247   3              }
2248   2      
2249   2              while(len>1){
2250   3                  HAL_DramWordDataRead(&buf[0], &buf[1]);
2251   3                  *cmCode ++ = buf[0];
2252   3                  *cmCode ++ = buf[1];
2253   3      
2254   3                  len -= 2;
C51 COMPILER V8.08   PB_EDIT                                                               12/31/2019 16:15:26 PAGE 38  

2255   3                  offset ++;
2256   3              }
2257   2      
2258   2              if(len){// last odd byte
2259   3                  HAL_DramStartAddrSet( fileAddr+offset, 1 );
2260   3                  HAL_DramWordDataRead(&buf[0], &buf[1]);
2261   3                  *cmCode ++ = buf[0];
2262   3              }
2263   2          
2264   2              ret = SUCCESS;
2265   2          }
2266   1      #endif
2267   1          return ret;
2268   1      }
2269          


MODULE INFORMATION:   STATIC OVERLAYABLE
   CODE SIZE        =   8705    ----
   CONSTANT SIZE    =     33    ----
   XDATA SIZE       =      2     660
   PDATA SIZE       =   ----    ----
   DATA SIZE        =   ----    ----
   IDATA SIZE       =   ----    ----
   BIT SIZE         =   ----    ----
   EDATA SIZE       =   ----    ----
   HDATA SIZE       =   ----    ----
   XDATA CONST SIZE =   ----    ----
   FAR CONST SIZE   =   ----    ----
END OF MODULE INFORMATION.


C51 COMPILATION COMPLETE.  0 WARNING(S),  0 ERROR(S)
